g,n,a,r,_,c,o,n,t,a,i,n,e,r,I,d
w,i,k,i,a,_,b,e,a,c,o,n,_,i,d
_,b,2
c,s,r,f,t,o,k,e,n
C,l,i,e,n,t,I,d
O,I,D,C
C,l,i,e,n,t,I,d
O,I,D,C
t,r,c,|,D,U,L,4,V,H,U,6,K,S,P,2,X,5,D,V,R,X,D,U,|,D,A,6,M,7,Q,7,U,O,P,Q,3,Z,M,7,Q,L,X,2,M
C,l,i,e,n,t,I,d
O,I,D,C
r,e,m,e,m,b,e,r,_,w,e,b,_,5,9,b,a,3,6,a,d,d,c,2,b,2,f,9,4,0,1,5,8,0,f,0,1,4,c,7,f,5,8,e,a,4,e,3,0,9,8,9,d
_,_,u,d,m,y,_,1,_,a,1,2,z,_,c,2,4,t
u,i,d
s,i,d
u,i,d
s,i,d
l,i,_,g,p
i,n,d,e,e,d,_,r,c,c
t,d,i
s,v,S,e,s,s,i,o,n
s,v,S,e,s,s,i,o,n
g,p,_,a,n,o,n,_,i,d
_,a,b,c,k
i,f,s,o,_,v,i,s,i,t,_,c,o,u,n,t,s
s,e,s,s,i,o,n,-,i,d,-,t,i,m,e
s,e,s,s,i,o,n,-,i,d
V,I,S,I,T,O,R,_,I,D
X,-,D,R,-,S,H,O,P,P,E,R,-,l,o,g,i,b,2,c
v,i,s,i,d,_,i,n,c,a,p,_,1,6,3,8,4,3,0
d,w,a,n,o,n,y,m,o,u,s,_,c,8,4,2,d,2,c,f,b,d,5,c,5,4,8,b,8,f,0,e,1,9,9,6,d,5,5,d,6,4,d,6
c,o,o,k,i,e,I,d
_,f,m,d,a,t,a
c
_,x,i,d
_,a,b,c,k
g,l,i,d,e,_,u,s,e,r,_,r,o,u,t,e
o,i,d
a,h,o,y,_,v,i,s,i,t,o,r
u,b,i,d,-,m,a,i,n
C,o,o,k,i,e,C,o,n,s,e,n,t,P,o,l,i,c,y
L,S,K,e,y,-,c,$,C,o,o,k,i,e,C,o,n,s,e,n,t,P,o,l,i,c,y
_,m,z,v,r
l,o,c,a,l,i,z,a,t,i,o,n
s,e,c,u,r,e,_,c,u,s,t,o,m,e,r,_,s,i,g
_,y
_,s,h,o,p,i,f,y,_,y
_,_,u,z,m,a
_,_,u,z,m,b
_,_,u,z,m,e
c,o,o,k,i,e,_,c,h,e,c,k
s,c,_,f
l,o,g,i,n,_,e,m,a,i,l
c,u,l,t,u,r,e
a,d,v,e,r,t,i,s,i,n,g,_,i,d
a,n,a,l,y,t,i,c,s,_,i,d
_,_,H,o,s,t,-,m,o,n,s,-,s,i,d
_,_,H,o,s,t,-,m,o,n,s,-,u,b,i,d
_,_,u,z,m,c
_,_,u,z,m,d
a,c,a,l,o,g,_,t,h,e,m,e
_,b,i,t
a,n,o,n,y,m,o,u,s,U,s,e,r,I,d
_,z,m,_,m,t,k,_,g,u,i,d
_,z,m,_,v,i,s,i,t,o,r,_,g,u,i,d
_,o,c,t,o
u,s,e,r
A,3
C,a,m,p,u,s,J,o,b,.,r,e,f,e,r,r,a,l,_,c,o,d,e
C,O,O,K,I,E,_,S,U,P,P,O,R,T
C,O,O,K,I,E,_,S,U,P,P,O,R,T
g,v,c
d,e,v,i,c,e
A,n,a,l,y,s,i,s,U,s,e,r,I,d
o,5,9,a,9,A,4,G,x
a,h,o,y,_,v,i,s,i,t,o,r
_,a,f,i,d
a,i,d
u,d,_,f,i,r,s,t,v,i,s,i,t
u,d,_,l,o,c,a,l,e
f,d,x,_,c,b,i,d
C,a,m,p,u,s,J,o,b,.,u,s,e,r,I,d
M,c,K,i,n,s,e,y,S,e,s,s,i,o,n,I,D
g,d,i,d
s,s,i,d,1
s,s,i,d,2
g,f,g,_,n,l,u,i,d
b,r,o,w,s,e,r,i,d
o,5,9,a,9,A,4,G,x
x,-,m,a,i,n
a,t,-,m,a,i,n
s,e,s,s,-,a,t,-,m,a,i,n
s,s,t,-,m,a,i,n
i,1,8,n,-,p,r,e,f,s
C,o,o,k,i,e,C,o,n,s,e,n,t,P,o,l,i,c,y
L,S,K,e,y,-,c,$,C,o,o,k,i,e,C,o,n,s,e,n,t,P,o,l,i,c,y
B,r,o,w,s,e,r,I,d
B,r,o,w,s,e,r,I,d,_,s,e,c
C,o,o,k,i,e,C,o,n,s,e,n,t,P,o,l,i,c,y
L,S,K,e,y,-,c,$,C,o,o,k,i,e,C,o,n,s,e,n,t,P,o,l,i,c,y
B,r,o,w,s,e,r,I,d
B,r,o,w,s,e,r,I,d,_,s,e,c
_,_,d,d,g,1,_
C,o,o,k,i,e,C,o,n,s,e,n,t,P,o,l,i,c,y
L,S,K,e,y,-,c,$,C,o,o,k,i,e,C,o,n,s,e,n,t,P,o,l,i,c,y
B,r,o,w,s,e,r,I,d
B,r,o,w,s,e,r,I,d,_,s,e,c
_,d,e,v,i,c,e,_,i,d
_,g,a
_,g,a,_,Z,8,D,4,W,L,3,D,4,P
u,i,d
s,i,d
w,3,I,s,G,u,Y,1
g,l,o,b,a,l,c
_,_,_,u,t,n
N,I,D
s,e,c,u,r,e,_,c,u,s,t,o,m,e,r,_,s,i,g
l,o,c,a,l,i,z,a,t,i,o,n
_,y
_,s,h,o,p,i,f,y,_,y
l,o,i,d
c,s,v
e,d,g,e,b,u,c,k,e,t
h,l
w,d,i
a,p,i,_,u,i,d
_,b,e,e
n,j,r,p,l
d,i,l,x
t,r,a,c,k,e,d,_,s,t,a,r,t,_,c,h,e,c,k,o,u,t
N,I,D
c,_,v,i,d
c,h,e,c,k,o,u,t,_,t,o,k,e,n
l,o,c,a,l,i,z,a,t,i,o,n
s,e,c,u,r,e,_,c,u,s,t,o,m,e,r,_,s,i,g
_,y
_,s,h,o,p,i,f,y,_,y
_,_,2,0,4,u
C,o,o,k,i,e,C,o,n,s,e,n,t,P,o,l,i,c,y
L,S,K,e,y,-,c,$,C,o,o,k,i,e,C,o,n,s,e,n,t,P,o,l,i,c,y
C,P,_,G,U,T,C
d,w,a,n,o,n,y,m,o,u,s,_,b,3,e,0,f,e,2,2,2,9,3,1,c,e,6,7,6,7,a,5,7,c,a,c,3,9,e,f,9,f,f,2
_,a,b,c,k
_,_,d,c,f,d,u,i,d
_,_,s,d,c,f,d,u,i,d
c,o,o,k,i,e,_,p,r,e,f,s
e,x,p,e,r,i,m,e,n,t,_,g,r,o,u,p,s
Q,u,e,u,e,-,i,t
u,s,n,_,v,i,s,i,t,o,r,_,i,d
a,k,a,c,d,_,w,w,w
_,a,b,c,k
l,c,-,m,a,i,n
l,o,c,a,l,i,z,a,t,i,o,n
s,e,c,u,r,e,_,c,u,s,t,o,m,e,r,_,s,i,g
u,s,e,r,_,p,r,e,f,s
q,i,5
f,s
W,R,_,S,I,D
C,M,S,P,r,e,f,e,r,r,e,d,C,u,l,t,u,r,e
W,R,_,S,I,D
_,s,v
_,i,d,s,v
m
F,l,u,e,n,t,L,o,c,a,l,e
M,X,P,_,T,R,A,C,K,I,N,G,I,D
m,o,b,i,l,e,F,o,r,m,a,t
c,f,i,d
c,f,t,o,k,e,n
C,o,o,k,i,e,C,o,n,s,e,n,t,P,o,l,i,c,y
L,S,K,e,y,-,c,$,C,o,o,k,i,e,C,o,n,s,e,n,t,P,o,l,i,c,y
B,r,o,w,s,e,r,I,d
B,r,o,w,s,e,r,I,d,_,s,e,c
R
v,i,s,i,d,_,i,n,c,a,p,_,2,1,6,9,9,1,6
d,a,t,a,d,o,m,e
m
B,A,S,E
s,i,d
a,h,o,y,_,v,i,s,i,t,o,r
d,e,v,i,c,e,_,i,d
N,I,D
_,a,b,c,k
c,s,r,f,t,o,k,e,n
r,o,o,t,_,s,e,s,s,i,o,n,_,i,d
v,i,s,i,d,_,i,n,c,a,p,_,9,8,7,7,5,2
l,o,c,a,l,e
s,t,u,d,o,c,u
_,p,x,h,d
S,W,I,D
u,s,p,r,i,v,a,c,y
_,c,b,_,l,s
_,c,b
_,c,h,a,r,t,b,e,a,t,2
O,p,t,a,n,o,n,C,o,n,s,e,n,t
r,e,f,r,e,s,h,_,t,o,k,e,n
g,i,d
g,i,d,r
C
O
U
M,x,V,i,s,i,t,o,r,U,I,D
e,z,o,s,u,i,b,a,s,g,e,n,e,r,i,s,-,1
o,r,i,g,i,n
m
K,A,A,S
d,e,k,i,s,e,s,s,i,o,n
_,_,u,z,m,a
_,_,u,z,m,b
_,_,u,z,m,e
r,d,w,_,s,t,o,r,e,r,e,f,e,r,e,r
t,a,l,e,n,t,i,f,y,-,j,o,b,s,e,e,k,e,r
_,_,u,z,m,c
_,_,u,z,m,d
e,a,l,o,c,a,l,e
V,I,S,I,T,O,R,_,I,N,F,O,1,_,L,I,V,E
_,g,a,_,C,L,Z,B,1,L,J,1,V,Z
_,g,a
N,I,D
G,U,E,S,T,_,L,A,N,G,U,A,G,E,_,I,D
C,l,i,e,n,t,I,d
O,I,D,C
v,i,d
a,k,a,c,d,_,P,R,_,I,r,i,s,_,A,s,s,e,t,s
C,l,i,e,n,t,I,d
O,I,D,C
C,D,I
C,A,I
C,T,C
N,I,D
a,h,o,y,_,v,i,s,i,t,o,r
C,a,t,e,g,o,r,y,I,D
e,l,i,b,r,a,r,y,-,f,l,a,s,h
c,s,r,f,t,o,k,e,n
s,e,s,s,i,o,n,i,d
4,T,e,s,t,s
V
a,l,_,c,e,l,l,_,w,r,i,t,i,n,g
a,l,_,c,e,l,l,_,m,a,r,t,e,c,h
a,l,_,c,e,l,l
a,l,_,f,f
_,_,c,_,u,u,i,d
e,z,o,s,u,i,b,a,s,g,e,n,e,r,i,s,-,1
J,S,E,S,S,I,O,N,I,D
a,r,i,e,l
c,c,-,v,4
b,r,w,s,r
i,r,l,d
a,k,m,a,c,h,i,n,e,i,d
a,k,u,s,a,a
a,k,m,a,c,h,i,n,e,i,d
V,i,s,i,t,o,r,I,d
g,r,p,I,d
D,y,n,a,m,i,c,s,3,6,5,P,o,r,t,a,l,A,n,a,l,y,t,i,c,s
d,d,_,d,e,v,i,c,e,_,i,d
d,d,_,d,e,v,i,c,e,_,s,e,s,s,i,o,n,_,i,d
v,i,s,i,d,_,i,n,c,a,p,_,2,1,6,1,6,4,9
v,i,s,i,d,_,i,n,c,a,p,_,2,1,7,6,0,0,5
v,i,s,i,d,_,i,n,c,a,p,_,2,1,6,2,5,5,8
S,U
G,U,E,S,T,_,L,A,N,G,U,A,G,E,_,I,D
_,s,h,o,p,i,f,y,_,m
s,e,c,u,r,e,_,c,u,s,t,o,m,e,r,_,s,i,g
l,o,c,a,l,i,z,a,t,i,o,n
_,t,r,a,c,k,i,n,g,_,c,o,n,s,e,n,t
_,y
_,s,h,o,p,i,f,y,_,y
s,p
c,s,r,f,t,o,k,e,n
_,_,u,z,m,a
_,_,u,z,m,b
_,_,u,z,m,e
v,a
m,c
c,q,e
c,s,l
u,_,l,o,c
s,t
a,c
u,c
x,s,r,f,t
x,s,r,f,p
_,s
v,r,c
p,r,i,v
l,o,c,a,l,i,z,a,t,i,o,n
c,h,e,c,k,o,u,t,_,t,o,k,e,n
t,r,a,c,k,e,d,_,s,t,a,r,t,_,c,h,e,c,k,o,u,t
N,I,D
s,e,c,u,r,e,_,c,u,s,t,o,m,e,r,_,s,i,g
_,y
_,s,h,o,p,i,f,y,_,y
s,e,c,u,r,e,_,c,u,s,t,o,m,e,r,_,s,i,g
l,o,c,a,l,i,z,a,t,i,o,n
_,y
_,s,h,o,p,i,f,y,_,y
d,e,v,i,c,e
i,n,d,e,e,d,_,r,c,c
S,O,C,K
S,H,O,E
v,i,s,i,d,_,i,n,c,a,p,_,8,5,0,9,6,6
v,i,s,i,d,_,i,n,c,a,p,_,1,2,7,8,6,9,6
_,a,b,c,k
C,T,K
_,_,H,o,s,t,-,m,o,n,s,-,s,i,d
_,_,H,o,s,t,-,m,o,n,s,-,u,b,i,d
_,_,H,o,s,t,-,m,o,n,s,-,s,t
p,r,e,f,e,r,r,e,d,_,l,o,c,a,l,e
c,u,l,t,u,r,e
5,2,f,6,8,4,4,6,d,c,5,0,4,e,d,3,5,c,4,1,f,d,e,3,6,9,1,5,a,2,e,6
C,o,o,k,i,e,C,o,n,s,e,n,t,P,o,l,i,c,y
L,S,K,e,y,-,c,$,C,o,o,k,i,e,C,o,n,s,e,n,t,P,o,l,i,c,y
C,o,o,k,i,e,C,o,n,s,e,n,t,P,o,l,i,c,y
L,S,K,e,y,-,c,$,C,o,o,k,i,e,C,o,n,s,e,n,t,P,o,l,i,c,y
B,r,o,w,s,e,r,I,d
B,r,o,w,s,e,r,I,d,_,s,e,c
d,t,m,_,t,o,k,e,n,_,s,c
s,p
T,G,V,i,s,i,t,o,r,I,d
l,o,c,a,l,i,z,a,t,i,o,n
a,g,g,c,i,d
a,g,g,s,u,b,s,i,d
a,g,g,s,i,d
s,u,r,f
s,e,c,u,r,e,_,c,u,s,t,o,m,e,r,_,s,i,g
_,y
_,s,h,o,p,i,f,y,_,y
s,u,r,f
M,U,I,D
u,c
t,r,s
N,I,D
f,a,n,d,o,m,_,g,l,o,b,a,l,_,i,d
t,g,l,r,_,h,t,t,p,_,o,n,l,y
t,g,l,r,_,a,n,o,n,_,i,d
t,g,l,r,_,h,t,t,p,_,o,n,l,y
C,o,o,k,i,e,C,o,n,s,e,n,t,P,o,l,i,c,y
L,S,K,e,y,-,c,$,C,o,o,k,i,e,C,o,n,s,e,n,t,P,o,l,i,c,y
B,r,o,w,s,e,r,I,d
B,r,o,w,s,e,r,I,d,_,s,e,c
_,a,b,c,k
K,m,x,V,i,s,i,t,o,r,_,0
K,m,x,_,A,k,a,_,L,o,c,a,t,i,o,n
C,O,O,K,I,E,_,S,U,P,P,O,R,T
G,U,E,S,T,_,L,A,N,G,U,A,G,E,_,I,D
c,l,i,e,n,t,I,d
v,i,s,i,d,_,i,n,c,a,p,_,2,8,5,1,9,1,5
_,s,.,l,t
_,s,h,o,p,i,f,y,_,m
_,t,r,a,c,k,i,n,g,_,c,o,n,s,e,n,t
_,z,i,p,p,i,a,i,n,c
o,i,n,f,o
a,u,t,o,c,o,m,p,l,e,t,e
o,i,d
V,I,S,I,T,O,R
v,i,s,i,d,_,i,n,c,a,p,_,2,6,2,9,6,3,5
z,i,p,c,o,d,e
W,T,_,F,P,C
_,a,a,a,_,g,a
v,i,s,i,d,_,i,n,c,a,p,_,1,7,9,4,7,8,3
v,i,s,i,d,_,i,n,c,a,p,_,2,4,4,4,3,6,8
v,i,s,i,d,_,i,n,c,a,p,_,2,4,1,5,9,3,1
V,I,S,I,T,E,D,_,L,A,N,G
V,I,S,I,T,E,D,_,C,O,U,N,T,R,Y
a,c,a,l,o,g,_,t,h,e,m,e
g,l,i,d,e,_,u,s,e,r,_,r,o,u,t,e
_,a,b,c,k
v,i,s,i,d,_,i,n,c,a,p,_,1,3,5,0,2,1,4
v,i,s,i,d,_,i,n,c,a,p,_,1,3,5,0,2,1,4
C,o,o,k,i,e,C,o,n,s,e,n,t,P,o,l,i,c,y
L,S,K,e,y,-,c,$,C,o,o,k,i,e,C,o,n,s,e,n,t,P,o,l,i,c,y
C,o,o,k,i,e,C,o,n,s,e,n,t,P,o,l,i,c,y
L,S,K,e,y,-,c,$,C,o,o,k,i,e,C,o,n,s,e,n,t,P,o,l,i,c,y
B,r,o,w,s,e,r,I,d
B,r,o,w,s,e,r,I,d,_,s,e,c
.,A,S,P,X,A,N,O,N,Y,M,O,U,S
d,s,l,_,m,f,a
U,l,i,n,e,n,e,t
s,e,a,r,c,h,S,o,u,r,c,e
j,r,a,s,e,s,s,i,o,n
a,d,e,c,c,o,c,m,s,.,u,s,#,l,a,n,g
c,a,_,t,r,k,_,u,u,i,d
c,a,_,t,r,k,_,r,e,q,u,e,s,t,_,i,d
a,d,c,o,n,v
a,d,c,o,n,v
a,d,c,o,n,v
a,d,c,o,n,v
a,d,c,o,n,v
l,o,c,a,l,i,z,a,t,i,o,n
s,e,c,u,r,e,_,c,u,s,t,o,m,e,r,_,s,i,g
_,y
_,s,h,o,p,i,f,y,_,y
u,d,_,u,s,e,r,_,j,w,t
c,l,i,e,n,t,_,i,d
a,c,c,e,s,s,_,t,o,k,e,n
u,d,_,l,a,s,t,_,a,u,t,h,_,i,n,f,o,r,m,a,t,i,o,n
a,d,c,o,n,v
_,y
_,s,h,o,p,i,f,y,_,y
s,e,c,u,r,e,_,c,u,s,t,o,m,e,r,_,s,i,g
l,o,c,a,l,i,z,a,t,i,o,n
c,f,_,c,l,e,a,r,a,n,c,e
R,F
L,C
L,V
n,o,a,u,t,h
u,u,i,d,2,3,0
n,l,l,a,s,t,d,e,l,i,d
_,i,i,d,t
_,a,b,c,k
C,T,T
N,I,D
O,T,Z
n,f,_,d,e,v,i,c,e
l,o,c,a,l,i,z,a,t,i,o,n
c,h,e,c,k,o,u,t,_,s,e,s,s,i,o,n,_,t,o,k,e,n,_,_,c,n,_,_,c,1,-,0,e,c,c,c,d,8,8,4,2,0,3,c,6,4,2,1,1,b,9,8,2,0,a,3,c,a,8,8,6,8,1
c,h,e,c,k,o,u,t,_,s,e,s,s,i,o,n,_,l,o,o,k,u,p
s,e,c,u,r,e,_,c,u,s,t,o,m,e,r,_,s,i,g
_,y
_,s,h,o,p,i,f,y,_,y
U,I,D
n,f,_,a,b
_,y
_,s,h,o,p,i,f,y,_,y
s,e,c,u,r,e,_,c,u,s,t,o,m,e,r,_,s,i,g
l,o,c,a,l,i,z,a,t,i,o,n
c,s,r,f,t,o,k,e,n
e,z,o,s,u,i,b,a,s,g,e,n,e,r,i,s,-,1
v,i,s,i,d,_,i,n,c,a,p,_,8,8,6,9,9,2
d,w,a,n,o,n,y,m,o,u,s,_,0,6,d,2,1,6,6,1,b,6,5,4,e,a,b,e,0,2,c,9,5,4,a,6,a,b,9,b,b,0,5,f
k,p,L,a,n,g,u,a,g,e
S,S,I,D
k,p,-,v,i,s,i,t,o,r,-,i,d
S,S,R,T
h,m,t,_,i,d
_,g,u,i,d
W,C,_,P,E,R,S,I,S,T,E,N,T
_,s,h,o,p,i,f,y,_,m
t,k,b,l,_,c,v,u,u,i,d
u,u,i,d
_,t,r,a,c,k,i,n,g,_,c,o,n,s,e,n,t
W,C,_,P,E,R,S,I,S,T,E,N,T
_,a,b,c,k
t,r,c,|,D,U,L,4,V,H,U,6,K,S,P,2,X,5,D,V,R,X,D,U,|,D,A,6,M,7,Q,7,U,O,P,Q,3,Z,M,7,Q,L,X,2,M
l,a,m,|,D,I,D,O,1,P,R,8,C,K,C,6,9,K,7,3,C,Z,1,S,|,D,U,L,4,V,H,U,6,K,S,P,2,X,5,D,V,R,X,D,U
N,I,D
s,p,l,i,t
l,o,c,a,l,i,z,a,t,i,o,n
c,a,r,t,_,c,u,r,r,e,n,c,y
_,o,r,i,g,_,r,e,f,e,r,r,e,r
_,l,a,n,d,i,n,g,_,p,a,g,e
s,e,c,u,r,e,_,c,u,s,t,o,m,e,r,_,s,i,g
_,y
_,s,h,o,p,i,f,y,_,y
l,a,n,g
l,o,c,a,t,i,o,n
s,e,s,s,i,o,n,_,a,u,t,o,n,o,m,o,u,s,_,s,e,r,v,i,c,e,_,p,r,o,d,u,c,t,i,o,n,_,n,e,w
w,h,v
W,M,F,-,L,a,s,t,-,A,c,c,e,s,s
W,M,F,-,L,a,s,t,-,A,c,c,e,s,s,-,G,l,o,b,a,l
K,A,A,L
K,A,A,C
T,M,o,g
g,l,o,b,a,l,T,I,_,S,I,D
t,h,x,_,g,u,i,d
M,U,I,D
t,m,x,_,g,u,i,d
c,h,e,c,k,o,u,t,_,s,e,s,s,i,o,n,_,t,o,k,e,n,_,_,c,_,_,5,f,5,9,5,9,3,a,b,9,4,3,d,0,1,9,c,7,a,f,7,1,c,5,4,d,7,7,6,4,7,1
c,a,r,t,_,v,e,r
v,i,s,i,d,_,i,n,c,a,p,_,2,0,7,4,2,3,8
r,e,p,l,i,t,_,a,u,t,h,e,d
c,o,n,n,e,c,t,.,s,i,d
M,C,1
s,v,S,e,s,s,i,o,n
h,a,c,|,D,U,L,4,V,H,U,6,K,S,P,2,X,5,D,V,R,X,D,U,|,D,A,6,M,7,Q,7,U,O,P,Q,3,Z,M,7,Q,L,X,2,M
c,g,_,u,u,i,d
a,b,I,D
F,P,I,D
_,f,b,p
d,i,d
d,i,d,_,c,o,m,p,a,t
d,i,d
d,i,d,_,c,o,m,p,a,t
M,C,1
d,a,t,a,d,o,m,e
T,M,o,g
g,l,o,b,a,l,T,I,_,S,I,D
u,n,c,o,d,e,_,p,r,i,v,a,c,y,[,c,o,n,s,e,n,t,_,t,y,p,e,s,]
_,o,r,i,g,_,r,e,f,e,r,r,e,r
_,l,a,n,d,i,n,g,_,p,a,g,e
l,o,c,a,l,i,z,a,t,i,o,n
_,y
_,s,h,o,p,i,f,y,_,y
s,e,c,u,r,e,_,c,u,s,t,o,m,e,r,_,s,i,g
c,a,r,t,_,c,u,r,r,e,n,c,y
i,n,t,e,r,c,o,m,-,s,e,s,s,i,o,n,-,s,e,h,j,5,3,d,d
i,n,t,e,r,c,o,m,-,d,e,v,i,c,e,-,i,d,-,s,e,h,j,5,3,d,d
_,_,s,l,-,f,i,n,g,e,r,p,r,i,n,t
v,o,l,u,m,e
m,u,t,e
m,u,x,D,a,t,a
_,h,a,s,h
_,h,a,s,h,V
A,W,S,A,L,B
A,W,S,A,L,B,C,O,R,S
u,t,a,g,_,m,a,i,n
i,n,t,e,l,r,e,s,e,a,r,c,h,U,I,D
d,n,s,D,i,s,p,l,a,y,e,d
c,c,p,a,A,p,p,l,i,e,s
s,i,g,n,e,d,L,s,p,a
c,c,p,a,R,e,j,e,c,t
c,c,p,a,C,o,n,s,e,n,t,A,l,l
c,c,p,a,U,U,I,D
v,e,r,s,o,_,b,u,c,k,e,t
C,N,_,g,e,o,_,c,o,u,n,t,r,y,_,c,o,d,e
C,N,_,x,i,d
C,N,_,x,i,d,_,r,e,f,r,e,s,h
c,n,e,p,l,a,y,e,r,c,o,u,n,t
C,N,_,s,e,g,m,e,n,t,s
r,e,c,e,n,t,a,p,p,s
b,G,a,m,e,H,i,g,h,l,i,g,h,t,A,u,d,i,o,E,n,a,b,l,e,d
f,l,G,a,m,e,H,i,g,h,l,i,g,h,t,P,l,a,y,e,r,V,o,l,u,m,e
t,i,m,e,z,o,n,e,O,f,f,s,e,t
a,k,a,-,c,c
a,k,a,-,c,t
a,k,a,-,z,p
f,o,r,t,e,r,T,o,k,e,n
_,a,b,c,k
e,m,a,i,l,M,o,d,a,l
t,n,-,p,i,x,e,l,-,r,e,f
t,n,-,p,i,x,e,l,-,u,s,e,r,I,d
t,k,b,l,_,c,v,u,u,i,d
_,p,d,d,i,d
_,_,i,s,p,_,c,a,r,t,_,l,a,s,t,_,k,n,o,w,n
_,r,u,i,d
G,L,B,E,_,S,E,S,S,_,I,D
s,e,c,u,r,e,_,c,u,s,t,o,m,e,r,_,s,i,g
c,a,r,t,_,c,u,r,r,e,n,c,y
d,a,t,a,-,t,i,m,e,o,u,t
l,o,c,a,l,i,z,a,t,i,o,n
_,y
_,s,h,o,p,i,f,y,_,y
_,o,r,i,g,_,r,e,f,e,r,r,e,r
_,l,a,n,d,i,n,g,_,p,a,g,e
l,a,n,g,u,a,g,e
c,u,r,r,e,n,c,y
A,W,S,A,L,B,T,G
A,W,S,A,L,B,T,G,C,O,R,S
A,W,S,A,L,B
A,W,S,A,L,B,C,O,R,S
c,t,r,y,i,d
c,t,r,y,p,c,k,r
_,a,b,c,k
f,o,r,t,e,r,T,o,k,e,n
_,a,b,c,k
S,G,P,F
f,o,r,t,e,r,T,o,k,e,n
W,C,_,P,E,R,S,I,S,T,E,N,T
_,_,H,o,s,t,-,G,A,P,S
u,s,p,_,s,t,a,t,u,s
u,s,p,r,i,v,a,c,y
u,s,p,m,e,t,a
d,n,s,D,i,s,p,l,a,y,e,d
c,c,p,a,A,p,p,l,i,e,s
s,i,g,n,e,d,L,s,p,a
c,c,p,a,R,e,j,e,c,t
c,c,p,a,C,o,n,s,e,n,t,A,l,l
c,c,p,a,U,U,I,D
u,i
C,T,E,1,8
C,T,E,1,9
t,h,x,_,g,u,i,d
t,m,x,_,g,u,i,d
p,t
u,t
a,t
_,d,o,c,s,-,e,v,e,n,t,s
S,p,l,i,t,S,V
w,m,c
A,W,S,A,L,B,A,P,P,-,0
A,W,S,A,L,B,A,P,P,-,1
A,W,S,A,L,B,A,P,P,-,2
A,W,S,A,L,B,A,P,P,-,3
X,S,R,F,-,T,O,K,E,N
g,o,o,d,f,i,r,m,s,s,s,o
_,_,c,f,_,b,m
S,N,I,D
t,w,k,_,u,u,i,d,_,5,7,5,8,3,6,2,2,f,c,6,a,7,f,9,c,2,c,e,a,9,b,6,1
c,i,d
_,_,c,f,l,b
f,e,a,t,u,r,e,F,l,a,g,O,v,e,r,r,i,d,e
f,e,a,t,u,r,e,F,l,a,g,O,v,e,r,r,i,d,e,C,r,o,s,s,S,i,t,e
c,b,_,a,n,a,l,y,t,i,c,s,_,c,o,n,s,e,n,t
_,p,x,v,i,d
_,p,x,h,d
O,p,t,a,n,o,n,C,o,n,s,e,n,t
w,e,b,_,s,u,g,g,e,s,t,e,d,_,j,o,b,s,_,d,o,n,e
l,a,s,t,_,c,l,i,c,k,_,e,v,e,n,t,_,i,d,s
v,i,s,i,t,o,r,I,d
s,a,p,p,h,i,r,e
G,u,e,s,t,L,o,c,a,t,i,o,n
U,s,e,r,L,o,c,a,t,i,o,n
d,t,e,R,f,W,y,s
_,m,i,t,a,t,a
e,g,s,S,e,s,s,i,o,n,I,d
r,e,f,r,e,s,h,T,o,k,e,n
T,e,a,l,e,a,f,A,k,a,S,i,d
c,i,_,p,i,x,m,g,r
f,i,a,t,s,C,o,o,k,i,e
C,M,S,P,r,e,f,e,r,r,e,d,C,u,l,t,u,r,e
C,o,n,s,e,n,t,C,a,p,t,u,r,e
v,i,e,w,e,d,J,o,b,s
s,e,a,r,c,h,F,o,r,m,C,o,o,k,i,e
P,e,r,s,o,n,a,l,i,z,a,t,i,o,n,C,o,o,k,i,e
B,a,n,n,e,r,D,i,s,p,l,a,y,e,d
U,r,l,R,e,f,e,r,r,e,r
A,K,A,_,A,2
v,1,s,t
P,C,_,1,_,0
m,b,o,x
t,m,l
f,i,r,e,O,n,c,e
s,_,v,i
A,M,C,V,_,E,A,6,7,3,D,F,C,5,A,2,F,1,9,0,6,0,A,4,9,5,C,9,C,@,A,d,o,b,e,O,r,g
_,_,t,s,_,x,f,d,F,3,_,_
_,i,m,p,_,a,p,g,_,r,_
_,i,m,p,_,d,i,_,p,c,_
v,1,s,t
A,M,C,V,_,E,A,6,7,3,D,F,C,5,A,2,F,1,9,0,6,0,A,4,9,5,C,9,C,@,A,d,o,b,e,O,r,g
A,M,C,V,_,B,D,A,7,1,C,8,B,5,3,3,0,A,E,0,C,0,A,4,9,0,D,4,D,%,4,0,A,d,o,b,e,O,r,g
f,i,r,e,O,n,c,e
t,m,l
s,_,v,n,u,m
s,_,l,a,s,t,v,i,s,i,t
O,p,t,a,n,o,n,A,l,e,r,t,B,o,x,C,l,o,s,e,d
O,p,t,a,n,o,n,C,o,n,s,e,n,t
s,_,i,n,v,i,s,i,t
s,_,p,p,n
s,_,g,n,r
A,M,C,V,_,B,D,A,7,1,C,8,B,5,3,3,0,A,E,0,C,0,A,4,9,0,D,4,D,%,4,0,A,d,o,b,e,O,r,g
_,_,c,f,l,b
_,_,c,f,_,b,m
T,i,P,M,i,x
x,-,m,s,-,r,o,u,t,i,n,g,-,n,a,m,e
e,z,o,a,d,g,i,d,_,3,1,1,1,3,6
e,z,o,r,e,f,_,3,1,1,1,3,6
e,z,o,s,u,i,b,a,s,g,e,n,e,r,i,s,-,1
e,z,o,a,b,_,3,1,1,1,3,6
a,c,t,i,v,e,_,t,e,m,p,l,a,t,e,:,:,3,1,1,1,3,6
e,z,o,p,v,c,_,3,1,1,1,3,6
e,z,e,p,v,v
e,z,o,v,i,d,_,3,1,1,1,3,6
l,p,_,3,1,1,1,3,6
e,z,o,v,u,u,i,d,t,i,m,e,_,3,1,1,1,3,6
e,z,o,v,u,u,i,d,_,3,1,1,1,3,6
e,z,d,s
e,z,o,h,w
e,z,u,x,_,l,p,l,_,3,1,1,1,3,6
A,M,C,V,_,9,7,0,F,A,A,6,3,5,7,F,5,3,3,B,B,0,A,4,9,5,C,C,8,%,4,0,A,d,o,b,e,O,r,g
b,b,y,_,p,r,f,_,l,b
s,s,r,-,c,a,c,h,i,n,g
s,v,S,e,s,s,i,o,n
f,e,d,o,p,s,.,l,o,g,g,e,r,.,d,e,f,a,u,l,t,O,v,e,r,r,i,d,e,s
f,e,d,o,p,s,.,l,o,g,g,e,r,.,d,e,f,a,u,l,t,O,v,e,r,r,i,d,e,s
_,_,c,f,_,b,m
b,S,e,s,s,i,o,n
b,S,e,s,s,i,o,n
b,S,e,s,s,i,o,n
_,t,r,a,c,k,i,n,g,_,c,o,n,s,e,n,t
_,o,r,i,g,_,r,e,f,e,r,r,e,r
_,l,a,n,d,i,n,g,_,p,a,g,e
_,_,c,f,_,b,m
_,_,c,f,_,b,m
s,h,o,p,i,f,y,_,p,a,y,_,r,e,d,i,r,e,c,t
_,_,c,f,_,b,m
N,I,D
O,T,Z
k,e,e,p,_,a,l,i,v,e
l,o,c,a,l,i,z,a,t,i,o,n
c,a,r,t
c,a,r,t,_,t,s
c,h,e,c,k,o,u,t,_,s,e,s,s,i,o,n,_,t,o,k,e,n,_,_,c,_,_,1,0,b,3,3,3,6,c,b,a,6,7,8,6,d,5,b,a,a,c,c,e,8,7,c,8,e,0,b,d,4,3
c,h,e,c,k,o,u,t,_,s,e,s,s,i,o,n,_,l,o,o,k,u,p
u,n,i,q,u,e,_,i,n,t,e,r,a,c,t,i,o,n,_,i,d
c,a,r,t,_,s,i,g
c,a,r,t,_,v,e,r
s,e,c,u,r,e,_,c,u,s,t,o,m,e,r,_,s,i,g
c,a,r,t,_,c,u,r,r,e,n,c,y
q,u,e,u,e,_,t,o,k,e,n
s,k,i,p,_,s,h,o,p,_,p,a,y
_,c,m,p,_,a
_,y
_,s
_,s,h,o,p,i,f,y,_,y
_,s,h,o,p,i,f,y,_,s
_,_,c,f,_,b,m
_,_,c,f,_,b,m
_,_,c,f,_,b,m
_,_,c,f,_,b,m
_,g,r,o,w,t,h,h,e,r,o,_,u,i,d
_,g,r,o,w,t,h,h,e,r,o,_,l,a,s,t,_,v,i,s,i,t
d,d,_,c,o,o,k,i,e,_,t,e,s,t,_,e,b,8,3,3,9,e,b,-,3,3,d,2,-,4,2,f,e,-,9,4,d,5,-,8,7,d,6,4,d,f,3,0,4,0,d
d,d,_,c,o,o,k,i,e,_,t,e,s,t,_,2,9,8,d,5,7,c,6,-,8,3,4,0,-,4,d,b,d,-,8,4,1,8,-,a,6,2,2,8,2,c,5,c,2,3,f
m,a,g,e,-,c,a,c,h,e,-,s,t,o,r,a,g,e
m,a,g,e,-,c,a,c,h,e,-,s,t,o,r,a,g,e,-,s,e,c,t,i,o,n,-,i,n,v,a,l,i,d,a,t,i,o,n
m,a,g,e,-,c,a,c,h,e,-,s,e,s,s,i,d
r,e,c,e,n,t,l,y,_,v,i,e,w,e,d,_,p,r,o,d,u,c,t
r,e,c,e,n,t,l,y,_,v,i,e,w,e,d,_,p,r,o,d,u,c,t,_,p,r,e,v,i,o,u,s
r,e,c,e,n,t,l,y,_,c,o,m,p,a,r,e,d,_,p,r,o,d,u,c,t
r,e,c,e,n,t,l,y,_,c,o,m,p,a,r,e,d,_,p,r,o,d,u,c,t,_,p,r,e,v,i,o,u,s
p,r,o,d,u,c,t,_,d,a,t,a,_,s,t,o,r,a,g,e
m,a,g,e,-,m,e,s,s,a,g,e,s
P,H,P,S,E,S,S,I,D
f,o,r,m,_,k,e,y
s,e,c,t,i,o,n,_,d,a,t,a,_,i,d,s
i,p,s,4,_,h,a,s,J,S
l,e,v,e,r,-,s,o,u,r,c,e,-,c,e,f
_,_,c,f,_,b,m
_,_,c,f,l,b
C,T,K
_,_,c,f,l,b
_,_,c,f,_,b,m
R,S,J,C
V,J,P
p,u,b
h,m,t,_,i,d
l,e,v,e,r,-,r,e,f,e,r,e,r
O,p,t,a,n,o,n,C,o,n,s,e,n,t
s,_,f,i,d
A,W,S,A,L,B
A,W,S,A,L,B,C,O,R,S
O,p,t,a,n,o,n,C,o,n,s,e,n,t
.,A,S,P,X,A,N,O,N,Y,M,O,U,S
_,_,c,f,_,b,m
_,_,s,t,r,i,p,e,_,s,i,d
_,_,s,t,r,i,p,e,_,m,i,d
O,p,t,a,n,o,n,C,o,n,s,e,n,t
l,e,g,a,l,_,l,i,g,h,t,_,a,g,r,e,e,_,5
O,T,Z
C,O,N,S,I,S,T,E,N,C,Y
A,C,C,O,U,N,T,_,C,H,O,O,S,E,R
L,O,G,I,N,_,I,N,F,O
d,w,a,n,o,n,y,m,o,u,s,_,3,0,d,7,b,7,d,4,b,e,c,7,0,3,d,0,d,9,1,a,c,b,a,9,4,9,4,b,c,a,7,d
z,y,_,d,i,d
z,y,_,b,i,d
z,y,_,d,i,d
C,o,o,k,i,e,C,o,n,s,e,n,t,P,o,l,i,c,y
L,S,K,e,y,-,c,$,C,o,o,k,i,e,C,o,n,s,e,n,t,P,o,l,i,c,y
C,o,o,k,i,e,C,o,n,s,e,n,t,P,o,l,i,c,y
L,S,K,e,y,-,c,$,C,o,o,k,i,e,C,o,n,s,e,n,t,P,o,l,i,c,y
B,r,o,w,s,e,r,I,d
d,d,_,c,o,o,k,i,e,_,t,e,s,t,_,a,e,9,2,4,9,7,f,-,a,7,3,f,-,4,e,5,1,-,8,c,b,9,-,a,d,1,d,1,4,3,1,7,e,1,e
d,d,_,c,o,o,k,i,e,_,t,e,s,t,_,5,8,4,7,b,1,5,0,-,d,1,4,c,-,4,3,a,8,-,9,5,f,e,-,d,3,c,2,e,4,3,0,7,b,4,0
d,d,_,c,o,o,k,i,e,_,t,e,s,t,_,c,e,4,a,2,e,9,9,-,e,c,f,7,-,4,1,d,5,-,9,8,a,f,-,5,f,a,0,a,d,7,e,2,3,e,d
C,o,o,k,i,e,C,o,n,s,e,n,t,P,o,l,i,c,y
L,S,K,e,y,-,c,$,C,o,o,k,i,e,C,o,n,s,e,n,t,P,o,l,i,c,y
B,r,o,w,s,e,r,I,d
B,r,o,w,s,e,r,I,d,_,s,e,c
u,s,p,r,i,v,a,c,y
h,_,i,d
d,n,s,D,i,s,p,l,a,y,e,d
c,c,p,a,A,p,p,l,i,e,s
s,i,g,n,e,d,L,s,p,a
c,c,p,a,R,e,j,e,c,t
c,c,p,a,C,o,n,s,e,n,t,A,l,l
c,c,p,a,U,U,I,D
c,o,n,s,e,n,t,U,U,I,D
u,s,p,.,2,3,_,2,6,_,2,9,_,3,3
u,s,p,.,2,2
u,s,p,.,9
u,s,p,.,2,4
u,s,p,.,1,4
u,s,p,.,5
u,s,p,.,3,6
u,s,p,.,4,5
u,s,p,.,3,2
u,s,p,.,2
u,s,p,.,4,2
u,s,p,.,4,6
u,s,p,.,1,9
u,s,p,.,5,7
u,s,p,.,5,9
u,s,p,.,6,1
u,s,p,.,4,8
u,s,p,.,6,2
u,s,p,.,6,4
u,s,p,.,6,5
A,W,S,A,L,B,T,G
A,W,S,A,L,B,T,G,C,O,R,S
u,i,d,_,b,a,m
A,W,S,A,L,B
A,W,S,A,L,B,C,O,R,S
b,r,w,s,r
i,r,l,d
p,a,r,t,n,e,r
F,T,R,_,E,x,i,t,_,I,n,t,e,n,t,_,D,i,s,p,l,a,y
p,r,e,f,-,c,o,u,n,t,r,y
g,l,o,b,a,l,-,s,t,o,r,e
_,r,t,i,n,g,s,_,s,e,s,s,i,o,n
d,d,_,c,o,o,k,i,e,_,t,e,s,t,_,d,4,4,7,d,3,3,d,-,2,d,5,f,-,4,4,4,3,-,b,3,8,4,-,7,2,5,e,8,9,2,2,3,6,6,5
d,d,_,c,o,o,k,i,e,_,t,e,s,t,_,0,a,7,6,e,6,e,4,-,6,3,4,6,-,4,3,7,d,-,8,b,f,5,-,8,7,d,0,d,b,3,5,3,b,5,4
d,d,_,c,o,o,k,i,e,_,t,e,s,t,_,8,7,6,e,f,4,6,8,-,7,b,e,b,-,4,c,4,5,-,a,3,a,e,-,d,f,0,0,5,d,e,5,b,8,4,7
d,d,_,c,o,o,k,i,e,_,t,e,s,t,_,e,d,b,e,8,6,1,f,-,2,b,9,3,-,4,4,8,6,-,9,b,8,b,-,c,c,f,5,e,2,7,b,4,d,3,8
d,d,_,c,o,o,k,i,e,_,t,e,s,t,_,b,8,0,d,7,5,1,d,-,1,8,a,a,-,4,0,2,3,-,8,b,d,8,-,a,2,e,b,0,f,5,4,e,1,4,5
d,d,_,c,o,o,k,i,e,_,t,e,s,t,_,c,c,4,1,5,1,f,1,-,2,0,f,1,-,4,a,3,d,-,9,1,b,2,-,f,c,3,e,a,0,8,9,7,7,c,1
d,d,_,c,o,o,k,i,e,_,t,e,s,t,_,e,e,6,d,9,e,e,5,-,e,6,7,f,-,4,7,3,7,-,9,e,c,7,-,0,f,8,b,8,d,7,2,8,d,e,7
d,d,_,c,o,o,k,i,e,_,t,e,s,t,_,4,0,9,c,c,8,2,d,-,e,b,f,1,-,4,c,f,b,-,8,c,8,6,-,f,1,2,4,a,8,d,d,d,1,a,6
d,d,_,c,o,o,k,i,e,_,t,e,s,t,_,5,e,a,3,c,c,f,3,-,e,a,6,4,-,4,f,d,4,-,9,9,9,6,-,e,0,a,9,6,d,5,8,4,e,7,1
d,d,_,c,o,o,k,i,e,_,t,e,s,t,_,a,9,4,e,3,d,7,3,-,f,d,7,d,-,4,8,0,1,-,b,7,a,4,-,7,0,6,9,8,9,c,c,2,2,7,3
d,d,_,c,o,o,k,i,e,_,t,e,s,t,_,5,a,0,5,0,a,9,0,-,7,6,0,1,-,4,d,a,4,-,9,4,e,f,-,c,a,a,9,b,a,1,8,b,c,9,1
d,d,_,c,o,o,k,i,e,_,t,e,s,t,_,f,6,b,9,e,b,9,f,-,5,8,9,c,-,4,a,c,4,-,8,9,b,e,-,8,c,f,9,8,c,2,c,7,a,f,7
d,d,_,c,o,o,k,i,e,_,t,e,s,t,_,8,1,7,1,c,9,6,c,-,5,9,4,6,-,4,6,3,8,-,9,f,0,4,-,f,e,7,d,c,0,2,6,f,1,d,f
d,d,_,c,o,o,k,i,e,_,t,e,s,t,_,e,8,9,5,d,4,4,6,-,2,5,6,4,-,4,7,b,b,-,8,1,a,5,-,0,0,4,4,f,a,b,0,2,a,d,f
h,a,r,.,i,d
u,s,p,r,i,v,a,c,y
h,_,i,d
c,o,n,s,e,n,t,U,U,I,D
u,s,p,.,2,3,_,2,6,_,2,9,_,3,3
u,s,p,.,2,2
u,s,p,.,9
u,s,p,.,2,4
u,s,p,.,1,4
u,s,p,.,5
u,s,p,.,3,6
u,s,p,.,4,5
u,s,p,.,3,2
u,s,p,.,2
u,s,p,.,4,2
u,s,p,.,4,6
u,s,p,.,1,9
u,s,p,.,5,7
u,s,p,.,5,9
u,s,p,.,6,1
u,s,p,.,4,8
u,s,p,.,6,2
u,s,p,.,6,4
u,s,p,.,6,5
F,T,R,_,E,x,i,t,_,I,n,t,e,n,t,_,D,i,s,p,l,a,y
k,e,e,p,_,a,l,i,v,e
l,o,c,a,l,i,z,a,t,i,o,n
_,c,m,p,_,a
_,o,r,i,g,_,r,e,f,e,r,r,e,r
_,l,a,n,d,i,n,g,_,p,a,g,e
s,h,o,p,i,f,y,_,p,a,y,_,r,e,d,i,r,e,c,t
s,e,c,u,r,e,_,c,u,s,t,o,m,e,r,_,s,i,g
_,y
_,s
_,s,h,o,p,i,f,y,_,y
_,s,h,o,p,i,f,y,_,s
c,a,r,t,_,c,u,r,r,e,n,c,y
_,o,r,i,g,_,r,e,f,e,r,r,e,r
_,l,a,n,d,i,n,g,_,p,a,g,e
l,o,c,a,l,i,z,a,t,i,o,n
_,c,m,p,_,a
k,e,e,p,_,a,l,i,v,e
s,e,c,u,r,e,_,c,u,s,t,o,m,e,r,_,s,i,g
_,y
_,s
_,s,h,o,p,i,f,y,_,y
_,s,h,o,p,i,f,y,_,s
_,_,c,f,_,b,m
O,p,t,a,n,o,n,C,o,n,s,e,n,t
d,i,d,o,m,i,_,t,o,k,e,n
e,u,c,o,n,s,e,n,t,-,v,2
s,h,u,r,e
_,S,h,u,r,e,W,e,b,s,i,t,e,_,c,a,r,t,_,e,n,-,U,S
v,i,s,i,t,o,r,_,i,d,4,2,8,1,0,2
v,i,s,i,t,o,r,_,i,d,4,2,8,1,0,2,-,h,a,s,h
l,p,v,4,2,8,1,0,2
v,i,s,i,t,o,r,_,i,d,4,2,8,1,0,2
v,i,s,i,t,o,r,_,i,d,4,2,8,1,0,2,-,h,a,s,h
_,_,w,i,d
f,o,r,t,e,r,T,o,k,e,n
_,_,a,d,b,l,o,c,k,e,r
_,p,c,t,x
_,p,p,r,v
_,_,p,n,a,h,c
_,_,t,b,c
x,b,c
_,s,p,_,s,u
A,W,S,A,L,B,T,G
A,W,S,A,L,B,T,G,C,O,R,S
c,o,n,s,e,n,t,U,U,I,D
w,w,r,b,u,c,k,e,t
w,w,r,b,u,c,k,e,t
w,w,r,b,u,c,k,e,t
w,w,r,b,u,c,k,e,t
l,a,n,g
_,_,c,f,_,b,m
l,a,n,g
u,s,e,r,L,o,c,a,t,i,o,n
g,e,o,l,o,c,a,t,i,o,n,L,a,s,t,S,e,l,e,c,t,e,d,L,o,c,a,t,i,o,n
g,e,o,l,o,c,a,t,i,o,n,R,e,s,u,l,t,s,L,a,s,t,U,s,e,d,S,o,u,r,c,e
n,e,a,r,e,s,t,C,i,n,e,m,a,s,L,i,s,t
l,b,C,o,o,k,i,e
d,d,_,c,o,o,k,i,e,_,t,e,s,t,_,d,3,1,4,8,7,3,f,-,3,6,6,2,-,4,8,2,7,-,9,f,c,0,-,4,b,0,1,8,4,7,8,0,9,1,c
d,d,_,c,o,o,k,i,e,_,t,e,s,t,_,2,c,b,c,e,1,4,0,-,c,9,0,6,-,4,f,c,2,-,9,f,4,3,-,a,1,f,2,c,b,d,4,1,f,6,9
c,n,_,t,_,s,e,s,s
c,n,_,t,_,l,p,r,e,f
c,n,_,t,_,g,t,c
c,n,_,t,_,b,t,c
c,n,_,t,_,u,i,d
_,g,a
_,_,c,f,_,b,m
c,n,_,t,_,b,s
_,_,c,f,_,b,m
s,p,o,t,i,m,_,v,i,s,i,t,I,d
A,3
j,o,b,s
j,o,b,s
_,h,b,r,_,u
_,p,c,t,x
_,p,c,i,d
m,b,o,x
_,_,a,d,b,l,o,c,k,e,r
s,_,i,n,v
s,_,n,r,9,0
s,_,t,s,l,v
h,b,r,_,u,s,e,r,_,e,x,p,e,r,i,e,n,c,e
_,_,p,v,i
_,_,t,b,c
_,_,p,a,t
x,b,c
_,p,c,u,s
a,n,a,l,y,t,i,c,s,_,H,B,R,S,u,b,s,c,r,i,b,e,r
s,_,p,p,n
s,_,p,p,u,r,l
A,M,C,V,_,7,8,0,1,9,6,5,A,5,7,7,5,0,3,E,8,7,F,0,0,0,1,0,1,%,4,0,A,d,o,b,e,O,r,g
c,s,r,f,t,o,k,e,n
c,o,o,k,i,e,_,p,o,l,i,c,y
c,s,r,f,t,o,k,e,n
s,e,s,s,i,o,n,i,d
a,t,t,r,_,m,u,l,t,i,t,o,u,c,h
c,d,p,_,s,e,g
e,p,2,0,2
R,P,_,4,2,5,0,9,8,4,3,5
e,p,2,0,1
e,p,2,0,3
_,s,p,l,u,n,k,_,r,u,m,_,s,i,d
a,k,_,b,m,s,c
X,-,A,f,f,i,n,i,t,y,-,C,o,o,k,i,e
a,h,o,y,_,v,i,s,i,t
s,p,_,i,s,s,u,e,r
X,-,A,f,f,i,n,i,t,y,-,C,o,o,k,i,e
b,m,_,s,v
_,s
p,c
e,n,w,i,k,i,w,m,E,-,s,e,s,s,i,o,n,T,i,c,k,L,a,s,t,T,i,c,k,T,i,m,e
e,n,w,i,k,i,w,m,E,-,s,e,s,s,i,o,n,T,i,c,k,T,i,c,k,C,o,u,n,t
o,r,d,e,r
_,s,e,c,u,r,e,_,s,e,s,s,i,o,n,_,i,d
_,_,c,f,_,b,m
G,l,o,b,a,l,E,_,G,e,m,_,D,a,t,a
c,o,n,n,e,c,t,.,s,i,d
N,I,D
O,T,Z
O,p,t,a,n,o,n,A,l,e,r,t,B,o,x,C,l,o,s,e,d
l,a,m,|,D,I,U,A,2,7,Z,J,7,G,E,F,C,J,Z,V,L,8,K,4,|,D,U,L,4,V,H,U,6,K,S,P,2,X,5,D,V,R,X,D,U
c,o,o,k,i,e,t,e,s,t
s,_,p,a,t,h,L,e,n,g,t,h
s,_,i,n,v,i,s,i,t,_,n,2,_,u,s
s,_,v,n,u,m,_,n,2,_,u,s
j,o,b,s
j,o,b,s
j,o,b,s
j,o,b,s
j,o,b,s
j,o,b,s
j,o,b,s
j,o,b,s
j,o,b,s
j,o,b,s
j,o,b,s
g,p,v
s,_,g,e,t,N,e,w,R,e,p,e,a,t
j,o,b,s
j,o,b,s
N,S,E,S,S,I,O,N,I,D
A,W,S,A,L,B,A,P,P,-,0
A,W,S,A,L,B,A,P,P,-,1
A,W,S,A,L,B,A,P,P,-,2
A,W,S,A,L,B,A,P,P,-,3
R,p,s,A,u,t,h,N,o,n,c,e
d,d,_,c,o,o,k,i,e,_,t,e,s,t,_,9,a,e,9,d,2,c,8,-,c,3,9,8,-,4,d,2,f,-,a,b,b,d,-,a,a,c,8,2,f,b,e,a,4,1,9
d,d,_,c,o,o,k,i,e,_,t,e,s,t,_,c,6,6,b,f,1,8,d,-,0,f,f,2,-,4,0,9,1,-,b,d,2,e,-,3,5,2,d,a,f,9,1,6,6,f,f
d,d,_,c,o,o,k,i,e,_,t,e,s,t,_,a,2,c,c,3,4,3,7,-,1,4,d,0,-,4,5,6,4,-,9,e,b,4,-,5,e,6,0,a,f,7,0,9,8,6,8
_,_,u,d,m,y,_,4,_,a,1,2,z
_,_,c,f,_,b,m
c,s,r,f,t,o,k,e,n
d,j,_,s,e,s,s,i,o,n,_,i,d
_,_,c,f,_,b,m
c,f,_,c,l,e,a,r,a,n,c,e
e,v,i
a,b,.,s,t,o,r,a,g,e,.,s,e,s,s,i,o,n,I,d,.,5,c,e,f,c,a,9,1,-,d,2,1,8,-,4,b,0,4,-,8,b,d,d,-,c,8,8,7,6,e,c,1,9,0,8,d
a,b,.,s,t,o,r,a,g,e,.,d,e,v,i,c,e,I,d,.,5,c,e,f,c,a,9,1,-,d,2,1,8,-,4,b,0,4,-,8,b,d,d,-,c,8,8,7,6,e,c,1,9,0,8,d
a,b,.,s,t,o,r,a,g,e,.,u,s,e,r,I,d,.,5,c,e,f,c,a,9,1,-,d,2,1,8,-,4,b,0,4,-,8,b,d,d,-,c,8,8,7,6,e,c,1,9,0,8,d
_,_,u,d,m,y,_,2,_,v,5,7,r
u,d,_,r,u,l,e,_,v,a,r,s
u,d,_,c,a,c,h,e,_,b,r,a,n,d
u,d,_,c,a,c,h,e,_,m,a,r,k,e,t,p,l,a,c,e,_,c,o,u,n,t,r,y
u,d,_,c,a,c,h,e,_,p,r,i,c,e,_,c,o,u,n,t,r,y
u,d,_,c,a,c,h,e,_,r,e,l,e,a,s,e
u,d,_,c,a,c,h,e,_,u,s,e,r
u,d,_,c,a,c,h,e,_,v,e,r,s,i,o,n
u,d,_,c,a,c,h,e,_,l,a,n,g,u,a,g,e
u,d,_,c,a,c,h,e,_,d,e,v,i,c,e
u,d,_,c,a,c,h,e,_,l,o,g,g,e,d,_,i,n
s,e,e,n
O,p,t,a,n,o,n,C,o,n,s,e,n,t
e,v,e,n,t,i,n,g,_,s,e,s,s,i,o,n,_,i,d
d,d,_,c,o,o,k,i,e,_,t,e,s,t,_,7,a,7,2,f,b,e,7,-,b,d,1,b,-,4,3,9,c,-,a,1,4,7,-,2,c,5,c,a,a,8,1,b,3,8,1
d,d,_,c,o,o,k,i,e,_,t,e,s,t,_,7,9,f,3,4,e,6,1,-,2,e,8,b,-,4,b,e,3,-,8,c,0,1,-,2,d,9,0,0,0,7,0,1,5,4,a
d,d,_,c,o,o,k,i,e,_,t,e,s,t,_,4,e,a,b,a,6,3,e,-,4,d,a,8,-,4,6,d,1,-,a,b,b,a,-,5,3,f,c,0,e,8,1,f,4,9,5
d,d,_,c,o,o,k,i,e,_,t,e,s,t,_,3,e,c,9,6,3,4,a,-,3,5,8,1,-,4,e,0,a,-,9,3,b,d,-,e,5,0,8,1,1,9,9,b,4,d,b
d,d,_,c,o,o,k,i,e,_,t,e,s,t,_,d,0,7,e,a,6,a,c,-,f,f,b,e,-,4,0,e,9,-,a,9,8,1,-,e,e,d,4,e,b,e,8,3,9,d,3
d,d,_,c,o,o,k,i,e,_,t,e,s,t,_,9,e,8,9,0,4,a,f,-,2,5,8,d,-,4,0,8,f,-,b,8,9,e,-,e,0,6,e,d,7,2,5,c,a,b,e
d,d,_,c,o,o,k,i,e,_,t,e,s,t,_,0,1,b,3,5,3,c,c,-,1,8,c,5,-,4,4,8,f,-,8,6,8,6,-,e,0,8,e,2,0,6,1,4,a,0,f
d,d,_,c,o,o,k,i,e,_,t,e,s,t,_,4,4,9,b,a,7,2,7,-,6,a,f,4,-,4,2,a,8,-,b,0,c,3,-,7,3,b,e,5,f,1,0,9,d,c,b
d,d,_,c,o,o,k,i,e,_,t,e,s,t,_,5,b,c,b,c,1,6,3,-,2,3,9,f,-,4,a,c,5,-,a,f,8,c,-,6,c,6,5,b,2,1,6,e,f,8,1
_,d,d,_,s
d,d,_,c,o,o,k,i,e,_,t,e,s,t,_,9,9,b,b,0,5,8,2,-,5,f,5,3,-,4,3,6,0,-,9,9,5,7,-,f,3,b,5,f,0,1,1,6,8,6,0
d,d,_,c,o,o,k,i,e,_,t,e,s,t,_,a,d,c,4,b,b,c,b,-,7,0,3,b,-,4,3,b,6,-,8,1,7,d,-,5,8,1,1,6,3,c,6,c,b,c,9
d,d,_,c,o,o,k,i,e,_,t,e,s,t,_,9,2,6,2,6,8,2,5,-,7,1,0,d,-,4,a,6,c,-,b,f,f,e,-,a,3,e,0,a,6,0,4,b,d,9,6
d,d,_,c,o,o,k,i,e,_,t,e,s,t,_,0,5,2,d,2,7,4,8,-,5,7,0,1,-,4,2,f,8,-,8,4,0,8,-,f,3,7,c,2,6,2,4,b,6,7,b
_,d,d,_,s
d,d,_,c,o,o,k,i,e,_,t,e,s,t,_,1,0,3,3,a,7,2,7,-,3,3,a,4,-,4,9,e,b,-,b,0,0,a,-,4,1,3,9,f,4,5,0,b,4,e,7
d,d,_,c,o,o,k,i,e,_,t,e,s,t,_,9,2,9,2,b,e,9,c,-,0,e,7,d,-,4,6,0,0,-,b,2,8,2,-,7,e,b,b,a,2,9,e,5,c,1,c
T,h,i,r,d,P,a,r,t,y,A,u,t,h,_,1,1,3,1,0,6,7,9,9,3,1,6,6,8,4,3,9,0,4
_,_,c,f,_,b,m
c,f,_,c,l,e,a,r,a,n,c,e
s,p,o,t,i,m,_,v,i,s,i,t,I,d
_,d,d,_,s
d,d,_,c,o,o,k,i,e,_,t,e,s,t,_,6,9,a,a,2,a,c,a,-,d,7,9,0,-,4,4,1,c,-,8,2,2,9,-,a,e,c,4,5,7,b,5,6,5,1,f
d,d,_,c,o,o,k,i,e,_,t,e,s,t,_,a,5,b,d,6,c,d,f,-,c,b,a,2,-,4,b,5,f,-,a,6,7,4,-,f,0,8,b,b,3,0,1,a,9,9,0
d,d,_,c,o,o,k,i,e,_,t,e,s,t,_,f,b,c,3,8,3,2,d,-,8,e,8,f,-,4,9,0,a,-,9,a,9,a,-,0,a,1,c,9,a,2,a,3,e,c,8
d,d,_,c,o,o,k,i,e,_,t,e,s,t,_,e,b,1,7,6,6,e,d,-,b,8,9,d,-,4,e,8,c,-,8,c,8,b,-,8,6,6,c,e,c,b,1,d,7,6,1
X,S,R,F,-,T,O,K,E,N
e,x,p,l,o,i,t,_,d,a,t,a,b,a,s,e,_,s,e,s,s,i,o,n
d,d,_,c,o,o,k,i,e,_,t,e,s,t,_,8,1,e,3,d,3,8,2,-,0,6,d,3,-,4,0,9,d,-,8,1,6,0,-,5,2,5,e,e,b,1,5,9,1,f,6
d,d,_,c,o,o,k,i,e,_,t,e,s,t,_,2,6,5,8,c,4,c,3,-,c,1,e,2,-,4,7,e,2,-,a,e,4,9,-,6,8,e,2,6,6,6,9,8,1,b,3
_,d,d,_,s
s,s,_,c,v,t
s,s,_,c,v,r
_,_,s,e,s,s,i,o,n
_,_,c,u,i,d
a,m,p,_,f,e,f,1,e,8
d,d,_,c,o,o,k,i,e,_,t,e,s,t,_,8,e,f,e,8,f,b,7,-,d,0,f,8,-,4,e,6,0,-,9,f,e,2,-,1,3,7,7,9,8,0,5,4,9,1,6
d,d,_,c,o,o,k,i,e,_,t,e,s,t,_,1,c,6,e,a,a,4,0,-,b,c,5,4,-,4,0,8,1,-,9,0,a,f,-,0,b,e,3,3,2,e,d,7,6,f,f
d,d,_,c,o,o,k,i,e,_,t,e,s,t,_,c,4,b,4,4,b,1,7,-,b,8,e,9,-,4,e,3,6,-,a,3,5,1,-,f,0,6,c,7,9,f,0,0,b,e,0
d,d,_,c,o,o,k,i,e,_,t,e,s,t,_,1,7,6,0,8,0,3,c,-,e,a,0,2,-,4,c,8,5,-,b,b,0,8,-,5,4,a,f,d,9,5,9,d,c,6,4
_,d,d,_,s
d,d,_,c,o,o,k,i,e,_,t,e,s,t,_,b,b,e,f,a,e,2,0,-,9,f,c,b,-,4,b,0,5,-,b,9,8,e,-,d,c,e,0,5,b,b,0,1,9,2,3
d,d,_,c,o,o,k,i,e,_,t,e,s,t,_,8,f,f,b,1,f,3,3,-,f,6,9,6,-,4,6,4,d,-,9,6,4,3,-,9,9,c,9,7,a,a,1,3,6,d,5
N,I,D
P,e,r,_,U,n,i,q,u,e,I,D
P,H,P,P,P,E,_,G,C,C
V,I,S,I,T,E,D,_,L,A,N,G
V,I,S,I,T,E,D,_,C,O,U,N,T,R,Y
_,b,i,t
r,e,q,u,e,s,t,_,i,d
a,u,v,i,d
a,b,_,t,e,s,t,s
r,e,q,u,e,s,t,_,i,d
l,a,s,t,_,l,o,a,d,_,t,i,m,e
s,c,r,i,b,d,_,u,b,t,c
o,v,e,r,r,i,d,d,e,n,_,u,s,e,r,_,t,e,s,t,s
d,o,n,a,t,i,o,n,-,i,d,e,n,t,i,f,i,e,r
a,b,t,e,s,t,-,i,d,e,n,t,i,f,i,e,r
c,i,_,s,e,s,s,i,o,n
r,e,q,u,e,s,t,_,r,e,f
_,d,d,_,s
h,m,t,_,i,d
c,o,o,k,i,e,-,b,a,n,n,e,r,-,a,c,c,e,p,t,e,d
_,s,e,s,s,i,o,n,_,i,d
A,W,S,A,L,B
A,W,S,A,L,B,C,O,R,S
u,t,a,g,_,m,a,i,n
s,h,o,p,p,e,r,_,v,i,s,i,t,s
p,f,_,p,t,c,_,-,1,7,5,4,9,7,9,4,3,7
l,i,_,e,p,_,a,u,t,h,_,c,o,n,t,e,x,t
c,c,s,i,d
p,r,o,g,r,e,s,s,i,e,r,p,u,s,h,b,a,n,n,e,r,U,K,T,S,G,L,i,e,T,6,v,Z,W,0,A,6,4,P,p,5
_,_,c,f,_,b,m
g,e,o,-,p,r,e,f,e,r,e,n,c,e
O,p,t,a,n,o,n,A,l,e,r,t,B,o,x,C,l,o,s,e,d
O,p,t,a,n,o,n,C,o,n,s,e,n,t
c,f,_,c,l,e,a,r,a,n,c,e
i,n,t,e,r,c,o,m,-,s,e,s,s,i,o,n,-,u,0,1,n,g,g,x,8
i,n,t,e,r,c,o,m,-,i,d,-,u,0,1,n,g,g,x,8
i,n,t,e,r,c,o,m,-,d,e,v,i,c,e,-,i,d,-,u,0,1,n,g,g,x,8
a,k,a,c,d,_,O,n,e,R,F
M,C,1
_,o,r,i,g,_,r,e,f,e,r,r,e,r
_,l,a,n,d,i,n,g,_,p,a,g,e
l,o,c,a,l,i,z,a,t,i,o,n
k,e,e,p,_,a,l,i,v,e
s,e,c,u,r,e,_,c,u,s,t,o,m,e,r,_,s,i,g
_,c,m,p,_,a
_,y
_,s
_,s,h,o,p,i,f,y,_,y
_,s,h,o,p,i,f,y,_,s
_,o,r,i,g,_,r,e,f,e,r,r,e,r
_,l,a,n,d,i,n,g,_,p,a,g,e
s,c,a,a,f,_,a,i,d
s,c,a,a,f,_,c,_,c
_,p,r,i,v,y,_,A,E,0,C,D,0,B,C,A,B,C,E,E,7,0,C,7,0,F,0,B,9,4,7
s,c,a,a,f,_,t,i,d
s,c,a,a,f,_,e,p
s,c,a,a,f,_,a,f,n
s,c,a,a,f,_,a,f,c
s,c,a,a,f,_,a,f,f,n
s,c,a,a,f,_,p,d
t,w,i,t,c,h,.,l,o,h,p,.,c,o,u,n,t,r,y,C,o,d,e
t,w,i,t,c,h,.,l,o,h,p,.,c,o,u,n,t,r,y,C,o,d,e
t,w,i,t,c,h,.,l,o,h,p,.,c,o,u,n,t,r,y,C,o,d,e
l,o,c,a,l,i,z,a,t,i,o,n
k,e,e,p,_,a,l,i,v,e
_,c,m,p,_,a
s,e,c,u,r,e,_,c,u,s,t,o,m,e,r,_,s,i,g
_,y
_,s
_,s,h,o,p,i,f,y,_,y
_,s,h,o,p,i,f,y,_,s
o,t,r,a,c,k,_,j,s,s,d,k,_,i,s,_,f,i,r,s,t,_,d,a,y
c,c
k,e,l,k,o,o,I,D
_,g,a
_,g,i,d
d,a,t,a,d,o,m,e
b,r,w,s,r
i,r,l,d
t,w,i,t,c,h,.,l,o,h,p,.,c,o,u,n,t,r,y,C,o,d,e
t,w,i,t,c,h,.,l,o,h,p,.,c,o,u,n,t,r,y,C,o,d,e
t,w,i,t,c,h,.,l,o,h,p,.,c,o,u,n,t,r,y,C,o,d,e
t,w,i,t,c,h,.,l,o,h,p,.,c,o,u,n,t,r,y,C,o,d,e
t,w,i,t,c,h,.,l,o,h,p,.,c,o,u,n,t,r,y,C,o,d,e
t,w,i,t,c,h,.,l,o,h,p,.,c,o,u,n,t,r,y,C,o,d,e
t,w,i,t,c,h,.,l,o,h,p,.,c,o,u,n,t,r,y,C,o,d,e
t,w,i,t,c,h,.,l,o,h,p,.,c,o,u,n,t,r,y,C,o,d,e
t,w,i,t,c,h,.,l,o,h,p,.,c,o,u,n,t,r,y,C,o,d,e
t,w,i,t,c,h,.,l,o,h,p,.,c,o,u,n,t,r,y,C,o,d,e
t,w,i,t,c,h,.,l,o,h,p,.,c,o,u,n,t,r,y,C,o,d,e
t,w,i,t,c,h,.,l,o,h,p,.,c,o,u,n,t,r,y,C,o,d,e
t,w,i,t,c,h,.,l,o,h,p,.,c,o,u,n,t,r,y,C,o,d,e
t,w,i,t,c,h,.,l,o,h,p,.,c,o,u,n,t,r,y,C,o,d,e
t,w,i,t,c,h,.,l,o,h,p,.,c,o,u,n,t,r,y,C,o,d,e
t,w,i,t,c,h,.,l,o,h,p,.,c,o,u,n,t,r,y,C,o,d,e
t,w,i,t,c,h,.,l,o,h,p,.,c,o,u,n,t,r,y,C,o,d,e
t,w,i,t,c,h,.,l,o,h,p,.,c,o,u,n,t,r,y,C,o,d,e
t,w,i,t,c,h,.,l,o,h,p,.,c,o,u,n,t,r,y,C,o,d,e
t,w,i,t,c,h,.,l,o,h,p,.,c,o,u,n,t,r,y,C,o,d,e
t,w,i,t,c,h,.,l,o,h,p,.,c,o,u,n,t,r,y,C,o,d,e
t,w,i,t,c,h,.,l,o,h,p,.,c,o,u,n,t,r,y,C,o,d,e
t,w,i,t,c,h,.,l,o,h,p,.,c,o,u,n,t,r,y,C,o,d,e
t,w,i,t,c,h,.,l,o,h,p,.,c,o,u,n,t,r,y,C,o,d,e
t,w,i,t,c,h,.,l,o,h,p,.,c,o,u,n,t,r,y,C,o,d,e
t,w,i,t,c,h,.,l,o,h,p,.,c,o,u,n,t,r,y,C,o,d,e
t,w,i,t,c,h,.,l,o,h,p,.,c,o,u,n,t,r,y,C,o,d,e
t,w,i,t,c,h,.,l,o,h,p,.,c,o,u,n,t,r,y,C,o,d,e
t,w,i,t,c,h,.,l,o,h,p,.,c,o,u,n,t,r,y,C,o,d,e
t,w,i,t,c,h,.,l,o,h,p,.,c,o,u,n,t,r,y,C,o,d,e
t,w,i,t,c,h,.,l,o,h,p,.,c,o,u,n,t,r,y,C,o,d,e
t,w,i,t,c,h,.,l,o,h,p,.,c,o,u,n,t,r,y,C,o,d,e
t,w,i,t,c,h,.,l,o,h,p,.,c,o,u,n,t,r,y,C,o,d,e
t,w,i,t,c,h,.,l,o,h,p,.,c,o,u,n,t,r,y,C,o,d,e
t,w,i,t,c,h,.,l,o,h,p,.,c,o,u,n,t,r,y,C,o,d,e
t,w,i,t,c,h,.,l,o,h,p,.,c,o,u,n,t,r,y,C,o,d,e
t,w,i,t,c,h,.,l,o,h,p,.,c,o,u,n,t,r,y,C,o,d,e
t,w,i,t,c,h,.,l,o,h,p,.,c,o,u,n,t,r,y,C,o,d,e
t,w,i,t,c,h,.,l,o,h,p,.,c,o,u,n,t,r,y,C,o,d,e
t,w,i,t,c,h,.,l,o,h,p,.,c,o,u,n,t,r,y,C,o,d,e
t,w,i,t,c,h,.,l,o,h,p,.,c,o,u,n,t,r,y,C,o,d,e
t,w,i,t,c,h,.,l,o,h,p,.,c,o,u,n,t,r,y,C,o,d,e
t,w,i,t,c,h,.,l,o,h,p,.,c,o,u,n,t,r,y,C,o,d,e
t,w,i,t,c,h,.,l,o,h,p,.,c,o,u,n,t,r,y,C,o,d,e
A,W,S,A,L,B,T,G
A,W,S,A,L,B,T,G,C,O,R,S
A,W,S,A,L,B,T,G
A,W,S,A,L,B,T,G,C,O,R,S
u,i,d,_,b,a,m
o,t,r,a,c,k,_,j,s,s,d,k,_,s,t,o,r,e
f,o,r,t,e,r,T,o,k,e,n
o,b,u,s,-,t,r,a,c,k,_,1,1,2,6,0,0,_,s,e,s,s,i,o,n
f,r,o,n,t,e,n,d
c,l,i,e,n,t,k,e,y
c,o,o,k,i,e,_,s,e,c,u,r,e,_,5,m,i,n
_,_,c,f,_,b,m
s,e,a,r,c,h,S,o,u,r,c,e
C,T,K
c,t,k,g,e,n
_,_,c,f,_,b,m
_,s,p,_,s,e,s,.,d,e,0,7
_,s,p,_,i,d,.,d,e,0,7
B,I,G,i,p,S,e,r,v,e,r,s,h,i,b,b,o,l,e,t,h,.,f,u,l,l,e,r,t,o,n,.,e,d,u,_,p,o,o,l,_,h,t,t,p
j,r,a,s,e,s,s,i,o,n
j,a,s,e,s,s,i,o,n
s,_,p,e,r,s
a,k,_,b,m,s,c
b,m,_,s,z
b,m,_,m,i
_,a,b,c,k
A,K,A,_,A,2
u,p,s,L,i,v,e,C,h,a,t,_,1,0,0,0,5,6,4,9
u,p,s,_,l,a,n,g,u,a,g,e,_,p,r,e,f,e,r,e,n,c,e
u,t,a,g,_,m,a,i,n
G,P,C,_,c,o,o,k,i,e,_,c,o,r,r,e,c,t,e,d
C,O,N,S,E,N,T,M,G,R
B,C,S,e,s,s,i,o,n,I,D
b,m,_,s,v
i,n,q,S,t,a,t,e,_,1,0,0,0,5,6,4,9
i,n,q,V,i,t,a,l,_,1,0,0,0,5,6,4,9
i,n,q,S,e,s,s,i,o,n,_,1,0,0,0,5,6,4,9
H,A,S,S,E,E,N,N,O,T,I,C,E
B,a,n,n,e,r,D,i,s,p,l,a,y,e,d
P,e,r,s,o,n,a,l,i,z,a,t,i,o,n,C,o,o,k,i,e
s,e,a,r,c,h,F,o,r,m,C,o,o,k,i,e
A,W,S,A,L,B
A,W,S,A,L,B,C,O,R,S
C,o,o,k,i,e,C,o,n,s,e,n,t
v,i,e,w,e,d,J,o,b,s
P,e,r,s,o,n,a,l,i,z,a,t,i,o,n,C,o,o,k,i,e
p,a,t,r,e,o,n,_,d,e,v,i,c,e,_,i,d
_,_,c,f,_,b,m
p,a,t,r,e,o,n,_,l,o,c,a,l,e,_,c,o,d,e
p,a,t,r,e,o,n,_,l,o,c,a,t,i,o,n,_,c,o,u,n,t,r,y,_,c,o,d,e
a,_,c,s,r,f
A,W,S,A,L,B,T,G
A,W,S,A,L,B,T,G,C,O,R,S
_,_,c,f,_,b,m
s,b,j,s,_,s,e,s,s,i,o,n
s,b,j,s,_,m,i,g,r,a,t,i,o,n,s
s,b,j,s,_,c,u,r,r,e,n,t,_,a,d,d
s,b,j,s,_,f,i,r,s,t,_,a,d,d
s,b,j,s,_,c,u,r,r,e,n,t
s,b,j,s,_,f,i,r,s,t
s,b,j,s,_,u,d,a,t,a
_,_,c,f,_,b,m
T,A,P,I,D
u,t,a,g,_,m,a,i,n
O,p,t,a,n,o,n,A,l,e,r,t,B,o,x,C,l,o,s,e,d
O,p,t,a,n,o,n,C,o,n,s,e,n,t
_,_,c,f,_,b,m
A,K,A,_,A,2
b,m,_,s,z
w,a,g,_,s,i,d
s,t,r
A,M,C,V,_,5,E,1,6,1,2,3,F,5,2,4,5,B,2,9,7,0,A,4,9,0,D,4,5,%,4,0,A,d,o,b,e,O,r,g
b,m,_,m,i
s,y,s,I,d
3,s
p,r,o,f,i,l,e,I,d
F,i,r,s,t,N,a,m,e
j,w,t
m,b,o,x
b,m,_,s,v
a,k,_,b,m,s,c
_,a,b,c,k
g,p,v,_,P,a,g,e
O,p,t,a,n,o,n,C,o,n,s,e,n,t
d,d,_,c,o,o,k,i,e,_,t,e,s,t,_,0,e,a,f,d,a,9,f,-,2,e,0,f,-,4,b,f,5,-,a,7,1,5,-,4,d,4,9,2,d,a,2,f,5,9,3
d,d,_,c,o,o,k,i,e,_,t,e,s,t,_,d,5,c,0,1,3,9,3,-,c,4,2,d,-,4,0,f,2,-,9,0,3,5,-,e,7,8,b,f,c,c,b,e,a,8,3
_,d,d,_,s
_,a,r,e,n,_,a,b
d,a,t,a,d,o,m,e
l,a,s,t,_,v,i,s,i,t,_,b,c
b,c,_,t,s,t,g,r,p
B,C,S,e,s,s,i,o,n,I,D
A,W,S,A,L,B
A,W,S,A,L,B,C,O,R,S
_,o,r,i,g,_,r,e,f,e,r,r,e,r
_,l,a,n,d,i,n,g,_,p,a,g,e
r,e,s,e,t,C,u,r,r,e,n,c,y,C,o,o,k,i,e
l,o,c,a,l,i,z,a,t,i,o,n
_,c,m,p,_,a
k,e,e,p,_,a,l,i,v,e
c,u,r,r,e,n,c,y
s,e,c,u,r,e,_,c,u,s,t,o,m,e,r,_,s,i,g
_,y
_,s
_,s,h,o,p,i,f,y,_,y
_,s,h,o,p,i,f,y,_,s
d,w,a,n,o,n,y,m,o,u,s,_,8,a,2,b,d,b,5,4,4,b,a,8,c,8,8,3,7,3,7,6,4,5,9,8,4,d,6,5,9,e,8,7
m,y,_,s,t,o,r,e
g,n,c,_,l,o,y,a,l,t,y,_,g,u,e,s,t
_,p,x,v,i,d
b,l,a,b
l,a,s,t,C,o,n,t,e,n,t,S,e,e,n
t,g,l,r,_,h,t,t,p,_,o,n,l,y
t,g,l,r,_,s,e,s,s,_,i,d
t,g,l,r,_,r,e,f
t,g,l,r,_,r,e,q
t,g,l,r,_,s,m,p,l
t,g,l,r,_,s,e,s,s,_,c,o,u,n,t
t,g,l,r,_,t,e,n,a,n,t,_,i,d
t,g,l,r,_,g,p,c,_,s,e,s,s,_,i,d
p,m,p,d,i,d
t,g,l,r,_,a,n,o,n,_,i,d
c,h,s,n,_,c,n,s,n,t
u,s,p,r,i,v,a,c,y
c,o,h,s,n,_,x,s,_,i,d
c,o,h,s,n,_,x,s,_,i,d
_,m,f,u,u,i,d,_
s,e,s,s,i,o,n,i,d
w,p,_,w,o,o,c,o,m,m,e,r,c,e,_,s,e,s,s,i,o,n,_,8,6,0,f,7,0,b,3,4,1,4,a,a,8,8,5,4,a,1,c,d,c,f,8,8,6,6,5,a,d,c,c
u,s,p,r,i,v,a,c,y
_,i,u,b,_,c,s,-,3,8,6,9,5,2,2,1,-,u,s,p,r
_,w,p,f,u,u,i,d
f,x,a,-,p,r,o,d,u,c,t,-,r,e,f,e,r,r,a,l,-,i,d
t,w,i,t,c,h,.,l,o,h,p,.,c,o,u,n,t,r,y,C,o,d,e
t,w,i,t,c,h,.,l,o,h,p,.,c,o,u,n,t,r,y,C,o,d,e
t,w,i,t,c,h,.,l,o,h,p,.,c,o,u,n,t,r,y,C,o,d,e
_,r,a,t,s,i,d
_,r,a,t,u,i,d
f,t,r,_,b,l,s,t,_,1,h
O,p,t,a,n,o,n,A,l,e,r,t,B,o,x,C,l,o,s,e,d
R,a,z,e,r,T,O,S,2,0,2,2,0,9,0,2
U,T,M,R,Z
O,p,t,a,n,o,n,C,o,n,s,e,n,t
f,o,r,t,e,r,T,o,k,e,n
b,b,y,_,r,e,d,i,r,e,c,t,_,i,d
t,w,i,t,c,h,.,l,o,h,p,.,c,o,u,n,t,r,y,C,o,d,e
t,w,i,t,c,h,.,l,o,h,p,.,c,o,u,n,t,r,y,C,o,d,e
t,w,i,t,c,h,.,l,o,h,p,.,c,o,u,n,t,r,y,C,o,d,e
_,_,c,f,l,b
x,-,a,m,z,-,c,o,n,t,i,n,u,o,u,s,-,d,e,p,l,o,y,m,e,n,t,-,s,t,a,t,e
x,-,a,m,z,-,c,o,n,t,i,n,u,o,u,s,-,d,e,p,l,o,y,m,e,n,t,-,s,t,a,t,e
x,-,a,m,z,-,c,o,n,t,i,n,u,o,u,s,-,d,e,p,l,o,y,m,e,n,t,-,s,t,a,t,e
x,-,a,m,z,-,c,o,n,t,i,n,u,o,u,s,-,d,e,p,l,o,y,m,e,n,t,-,s,t,a,t,e
a,k,_,b,m,s,c
N,S,C,_,M,C,_,W,F,S,_,Q,S,P,E,_,F,F,Y,-,H,B,U,F,X,B,Z
N,S,C,_,W,F,S,_,Q,S,P,E,_,F,Y,U,_,D,T,_,I,U,U,Q,T
b,m,_,s,v
_,4,c,_
t,w,i,t,c,h,.,l,o,h,p,.,c,o,u,n,t,r,y,C,o,d,e
t,w,i,t,c,h,.,l,o,h,p,.,c,o,u,n,t,r,y,C,o,d,e
t,w,i,t,c,h,.,l,o,h,p,.,c,o,u,n,t,r,y,C,o,d,e
_,o,r,i,g,_,r,e,f,e,r,r,e,r
_,l,a,n,d,i,n,g,_,p,a,g,e
s,s,w,_,o,u,r,_,s,e,s,s,i,o,n
s,s,w,_,r,e,f,e,r,r,e,r
l,o,c,a,l,i,z,a,t,i,o,n
_,o,r,i,g,_,r,e,f,e,r,r,e,r
_,l,a,n,d,i,n,g,_,p,a,g,e
s,h,o,p,i,f,y,_,r,e,c,e,n,t,l,y,_,v,i,e,w,e,d
_,c,m,p,_,a
k,e,e,p,_,a,l,i,v,e
s,e,c,u,r,e,_,c,u,s,t,o,m,e,r,_,s,i,g
_,y
_,s
_,s,h,o,p,i,f,y,_,y
_,s,h,o,p,i,f,y,_,s
_,s,s,w,_,c,a,r,t,_,d,a,t,a
X,S,R,F,-,T,O,K,E,N
l,a,r,a,v,e,l,_,s,e,s,s,i,o,n
C,o,o,k,i,e,C,o,n,t,r,o,l
s,s,r,-,c,a,c,h,i,n,g
s,v,S,e,s,s,i,o,n
b,S,e,s,s,i,o,n
_,_,c,f,_,b,m
_,d,d,_,s
c,f,_,c,l,e,a,r,a,n,c,e
R,F
C,M,S,P,r,e,f,e,r,r,e,d,C,u,l,t,u,r,e
R,e,f,e,r,r,a,l,U,R,L
I,P,A,d,d,r,e,s,s
V,i,s,i,t,e,d,P,a,t,h
t,r,a,c,k,a,l,y,z,e,r
S,N,I,D
D,V
C,M,S,P,r,e,f,e,r,r,e,d,C,u,l,t,u,r,e
R,e,f,e,r,r,a,l,U,R,L
I,P,A,d,d,r,e,s,s
V,i,s,i,t,e,d,P,a,t,h
t,r,a,c,k,a,l,y,z,e,r
t,o,k,e,n
_,p,k,_,r,e,f,.,1,7,.,9,8,5,f
_,p,k,_,s,e,s,.,1,7,.,9,8,5,f
_,p,k,_,i,d,.,1,7,.,9,8,5,f
_,_,c,f,_,b,m
p,a,r,t,n,e,r,_,i,d
s,p,_,m
_,_,H,o,s,t,-,d,e,v,i,c,e,_,i,d
_,_,H,o,s,t,-,s,p,_,c,s,r,f,_,s,i,d
s,i,d,|,8,1,5,2,4,e,e,4,-,e,a,f,4,-,4,0,1,9,-,9,e,f,a,-,4,6,a,1,6,b,5,9,6,2,c,0
_,x,s,r,f,|,8,1,5,2,4,e,e,4,-,e,a,f,4,-,4,0,1,9,-,9,e,f,a,-,4,6,a,1,6,b,5,9,6,2,c,0
k,e,e,p,_,a,l,i,v,e
l,o,c,a,l,i,z,a,t,i,o,n
_,c,m,p,_,a
_,o,r,i,g,_,r,e,f,e,r,r,e,r
_,l,a,n,d,i,n,g,_,p,a,g,e
s,e,c,u,r,e,_,c,u,s,t,o,m,e,r,_,s,i,g
_,y
_,s
_,s,h,o,p,i,f,y,_,y
_,s,h,o,p,i,f,y,_,s
c,h,e,c,k,o,u,t,_,s,e,s,s,i,o,n,_,t,o,k,e,n,_,_,c,n,_,_,c,1,-,7,9,d,6,3,f,8,a,3,b,2,b,6,c,f,f,c,5,0,4,b,1,d,8,4,8,b,e,c,0,e,3
_,o,r,i,g,_,r,e,f,e,r,r,e,r
_,l,a,n,d,i,n,g,_,p,a,g,e
N,I,D
O,T,Z
c,s,r,f,t,o,k,e,n
u,t,m,_,s,o,u,r,c,e
u,t,m,_,m,e,d,i,u,m
u,t,m,_,c,a,m,p,a,i,g,n
j,u,s,t,_,u,p,d,a,t,e,d
t,w,i,t,c,h,.,l,o,h,p,.,c,o,u,n,t,r,y,C,o,d,e
t,w,i,t,c,h,.,l,o,h,p,.,c,o,u,n,t,r,y,C,o,d,e
t,w,i,t,c,h,.,l,o,h,p,.,c,o,u,n,t,r,y,C,o,d,e
t,w,i,t,c,h,.,l,o,h,p,.,c,o,u,n,t,r,y,C,o,d,e
t,w,i,t,c,h,.,l,o,h,p,.,c,o,u,n,t,r,y,C,o,d,e
t,w,i,t,c,h,.,l,o,h,p,.,c,o,u,n,t,r,y,C,o,d,e
c,a,c,h,e,B,u,s,t,K,e,y
_,p,x,h,d
a,c,c,e,s,s,_,t,o,k,e,n
x,t,l,_,b,i,d
e,x,t,o,l,e,_,a,c,c,e,s,s,_,t,o,k,e,n
c,a,c,h,e,B,u,s,t,K,e,y
s,f,_,s,i,t,e,r,e,f,e,r
T,T,S,V,I,D
s,f,_,w,d,t,_,s,i,d,e,b,a,r,_,s,t,o,r,e
s,f,_,w,d,t,_,s,i,d,e,b,a,r,_,s,t,o,r,e,_,l,o,c,a,l,e
_,p,x,3
s,f,_,w,d,t,_,c,u,s,t,o,m,e,r,_,i,d
s,f,_,w,d,t,_,f,i,n,g,e,r,p,r,i,n,t
s,f,_,c,h,a,n,g,e,_,p,a,g,e
d,d,_,c,o,o,k,i,e,_,t,e,s,t,_,5,2,6,7,f,8,8,e,-,7,6,1,d,-,4,e,2,c,-,9,e,f,2,-,5,1,1,4,e,5,d,d,a,b,3,3
d,d,_,c,o,o,k,i,e,_,t,e,s,t,_,6,8,5,9,8,1,9,2,-,4,4,3,3,-,4,f,e,c,-,a,8,2,d,-,3,1,c,8,8,a,2,3,8,4,4,2
d,d,_,c,o,o,k,i,e,_,t,e,s,t,_,7,a,c,a,3,d,7,c,-,7,6,2,e,-,4,7,9,b,-,a,2,5,c,-,0,9,c,9,2,1,2,a,5,0,b,b
d,d,_,c,o,o,k,i,e,_,t,e,s,t,_,f,6,b,7,b,5,5,d,-,7,3,f,1,-,4,3,3,c,-,8,d,4,d,-,4,0,4,0,4,9,a,e,3,d,d,c
d,d,_,c,o,o,k,i,e,_,t,e,s,t,_,e,b,7,c,d,e,a,9,-,a,3,6,4,-,4,4,b,8,-,8,d,c,7,-,5,8,4,8,d,c,f,8,9,7,4,a
d,d,_,c,o,o,k,i,e,_,t,e,s,t,_,5,f,b,3,a,a,4,5,-,e,3,0,7,-,4,e,9,a,-,a,c,9,d,-,2,2,9,1,4,f,b,e,d,d,8,c
d,d,_,c,o,o,k,i,e,_,t,e,s,t,_,3,1,5,f,a,d,4,a,-,2,4,a,8,-,4,c,6,f,-,9,f,4,5,-,b,d,f,d,d,c,1,9,5,0,9,a
_,d,d,_,s
c,f,i,d
c,f,t,o,k,e,n
c,a,r,e,e,r,s,_,i,_,v
C,O,O,K,I,E,C,O,N,S,E,N,T
s,e,s,s,i,o,n,_,t,o,k,e,n
J,A,Q,U,I,C,K,C,R,E,A,T,E
C,T,K
c,t,k,g,e,n
_,_,c,f,_,b,m
d,a,t,a,d,o,m,e
A,W,S,A,L,B
A,W,S,A,L,B,C,O,R,S
J,T,S,U,B,R,E,F
p,l,a,t,f,o,r,m,1
v,i,d
a,k,a,c,d,_,P,R,_,I,r,i,s,_,A,s,s,e,t,s
a,k,_,b,m,s,c
m,k,t,c,k
u,r,a
s,_,f,u,i,d
b,m,_,s,v
c,r,t,t
v,a
f,c,i,d,s
c,s,l
c,q,e
u,_,l,o,c
a,c
u,c
x,s,r,f,t
x,s,r,f,p
e,c,i
c,i,v
c,q,h
s,_,f,i,d
A,W,S,A,L,B
A,W,S,A,L,B,C,O,R,S
p,r,i,v
v,r,c
_,s
s,t
s,a
i,s,t
m,c
w,w,r,b,u,c,k,e,t
w,w,r,b,u,c,k,e,t
w,w,r,b,u,c,k,e,t
_,b,l,k,a,_,r,u,a,b
b,r,a,n,d,c,h,a,m,p,_,r,e,f
y,o,t,p,o,_,p,i,x,e,l
w,p,_,w,o,o,c,o,m,m,e,r,c,e,_,s,e,s,s,i,o,n,_,d,9,9,0,0,7,6,f,3,5,3,f,7,1,b,6,2,2,e,5,c,5,1,d,7,a,0,f,0,7,3,4
_,g,e,p,e
_,g,e,u,i,d
_,g,e,p,s
c,f,_,c,l,e,a,r,a,n,c,e
l,e,g,i,o,n,-,p,r,o,d,u,c,t,-,v,i,e,w,-,c,o,u,n,t
l,e,g,i,o,n,-,U,T,M,-,o,v,e,r,r,i,d,e
l,e,g,i,o,n,-,r,e,f,e,r,r,a,l,-,t,r,a,f,f,i,c
_,s,p,_,s,e,s,.,f,6,8,c
_,s,p,_,i,d,.,f,6,8,c
w,w,r,b,u,c,k,e,t
w,w,r,b,u,c,k,e,t
w,w,r,b,u,c,k,e,t
u,t,a,g,_,m,a,i,n
A,M,C,V,_,9,7,0,F,A,A,6,3,5,7,F,5,3,3,B,B,0,A,4,9,5,C,C,8,%,4,0,A,d,o,b,e,O,r,g
_,c,s,_,m,k,_,a,a
a,c,c,e,s,s,_,t,o,k,e,n
c,u,s,t,o,m,e,r,_,i,d
u,s,i,d
r,e,f,r,e,s,h,_,t,o,k,e,n
O,p,t,a,n,o,n,A,l,e,r,t,B,o,x,C,l,o,s,e,d
m,b,o,x
u,t,a,g,_,m,a,i,n
C,O,N,S,E,N,T,M,G,R
A,W,S,A,L,B
A,W,S,A,L,B,C,O,R,S
O,p,t,a,n,o,n,C,o,n,s,e,n,t
_,_,c,f,_,b,m
o,p,e,n,_,i,d,_,t,o,k,e,n
r,b,V,i,s,i,t,o,r,I,d
a,j,s,_,a,n,o,n,y,m,o,u,s,_,i,d
O,p,t,a,n,o,n,C,o,n,s,e,n,t
k,e,e,p,_,a,l,i,v,e
l,o,c,a,l,i,z,a,t,i,o,n
_,c,m,p,_,a
_,o,r,i,g,_,r,e,f,e,r,r,e,r
_,l,a,n,d,i,n,g,_,p,a,g,e
s,e,c,u,r,e,_,c,u,s,t,o,m,e,r,_,s,i,g
c,a,r,t,_,c,u,r,r,e,n,c,y
_,y
_,s
_,s,h,o,p,i,f,y,_,y
_,s,h,o,p,i,f,y,_,s
s,h,o,p,i,f,y,_,p,a,y,_,r,e,d,i,r,e,c,t
_,t,r,a,c,k,i,n,g,_,c,o,n,s,e,n,t
_,s,h,o,p,i,f,y,_,t,m
_,s,h,o,p,i,f,y,_,t,w
_,s,h,o,p,i,f,y,_,m
_,s,h,g,_,u,s,e,r,_,i,d
e,x,_,i,d
O,T,_,F,B,P,L,I,D
s,h,o,p,i,f,y,_,p,a,y,_,r,e,d,i,r,e,c,t
_,s,h,g,_,s,e,s,s,i,o,n,_,i,d
c,o,l,l,e,c,t,i,o,n,-,s,i,d
k,e,e,p,_,a,l,i,v,e
s,e,c,u,r,e,_,c,u,s,t,o,m,e,r,_,s,i,g
l,o,c,a,l,i,z,a,t,i,o,n
c,a,r,t,_,c,u,r,r,e,n,c,y
_,c,m,p,_,a
_,y
_,s
_,s,h,o,p,i,f,y,_,y
_,s,h,o,p,i,f,y,_,s
_,o,r,i,g,_,r,e,f,e,r,r,e,r
_,l,a,n,d,i,n,g,_,p,a,g,e
A,n,s,w,e,r,s,.,A,u,t,h,P,r,o,v,i,d,e,r
a,n,s,w,e,r,s,t,z,o
o,r,i,g,i,n,a,l,_,r,e,q,_,u,r,l
a,i,_,u,s,e,r
o,r,i,g,i,n,a,l,_,r,e,q,_,u,r,l
f,d,x,_,r,e,d,i,r,e,c,t
c,c,_,p,a,t,h
m,b,o,x
b,m,_,m,i
_,g,a
_,g,a,_,G,V,M,X,P,4,J,7,3,D
l,o,c,a,l,i,z,a,t,i,o,n
_,s,s,w,_,c,a,r,t,_,d,a,t,a
s,s,w,_,v,i,s,i,t,o,r
h,a,s,h,_,k,e,y
_,c,m,p,_,a
k,e,e,p,_,a,l,i,v,e
s,e,c,u,r,e,_,c,u,s,t,o,m,e,r,_,s,i,g
_,y
_,s
_,s,h,o,p,i,f,y,_,y
_,s,h,o,p,i,f,y,_,s
x,g,d,p,r,-,c,o,n,s,e,n,t
x,s,e,s,s,i,o,n,i,d
x,c,s,r,f,t,o,k,e,n
A,W,S,A,L,B
A,W,S,A,L,B,C,O,R,S
_,o,r,i,g,_,r,e,f,e,r,r,e,r
_,l,a,n,d,i,n,g,_,p,a,g,e
s,h,o,p,i,f,y,_,p,a,y,_,r,e,d,i,r,e,c,t
y,o,t,p,o,_,p,i,x,e,l
O,p,t,a,n,o,n,C,o,n,s,e,n,t
l,o,c,a,l,i,z,a,t,i,o,n
k,e,e,p,_,a,l,i,v,e
_,s,p,_,s,e,s,.,f,9,7,2
_,s,p,_,i,d,.,f,9,7,2
s,e,c,u,r,e,_,c,u,s,t,o,m,e,r,_,s,i,g
_,c,m,p,_,a
_,y
_,s
_,s,h,o,p,i,f,y,_,y
_,s,h,o,p,i,f,y,_,s
c,a,r,t,_,c,u,r,r,e,n,c,y
c,a,r,t
c,a,r,t,_,t,s
c,a,r,t,_,s,i,g
c,a,r,t,_,v,e,r
d,y,n,a,m,i,c,_,c,h,e,c,k,o,u,t,_,s,h,o,w,n,_,o,n,_,c,a,r,t
t,w,i,t,c,h,.,l,o,h,p,.,c,o,u,n,t,r,y,C,o,d,e
t,w,i,t,c,h,.,l,o,h,p,.,c,o,u,n,t,r,y,C,o,d,e
t,w,i,t,c,h,.,l,o,h,p,.,c,o,u,n,t,r,y,C,o,d,e
_,b,i,t
P,H,P,S,E,S,S,I,D
s,c,u,f,_,u,s,e,r,c,o,u,n,t,r,y
s,c,u,f,_,s,t,o,r,e
c,f,_,c,l,e,a,r,a,n,c,e
f,o,r,m,_,k,e,y
m,a,g,e,-,c,a,c,h,e,-,s,t,o,r,a,g,e
m,a,g,e,-,c,a,c,h,e,-,s,t,o,r,a,g,e,-,s,e,c,t,i,o,n,-,i,n,v,a,l,i,d,a,t,i,o,n
m,a,g,e,-,c,a,c,h,e,-,s,e,s,s,i,d
m,a,g,e,-,m,e,s,s,a,g,e,s
r,e,c,e,n,t,l,y,_,v,i,e,w,e,d,_,p,r,o,d,u,c,t
r,e,c,e,n,t,l,y,_,v,i,e,w,e,d,_,p,r,o,d,u,c,t,_,p,r,e,v,i,o,u,s
r,e,c,e,n,t,l,y,_,c,o,m,p,a,r,e,d,_,p,r,o,d,u,c,t
r,e,c,e,n,t,l,y,_,c,o,m,p,a,r,e,d,_,p,r,o,d,u,c,t,_,p,r,e,v,i,o,u,s
p,r,o,d,u,c,t,_,d,a,t,a,_,s,t,o,r,a,g,e
t,w,i,t,c,h,.,l,o,h,p,.,c,o,u,n,t,r,y,C,o,d,e
t,w,i,t,c,h,.,l,o,h,p,.,c,o,u,n,t,r,y,C,o,d,e
t,w,i,t,c,h,.,l,o,h,p,.,c,o,u,n,t,r,y,C,o,d,e
P,H,P,S,E,S,S,I,D
A,W,S,A,L,B
A,W,S,A,L,B,C,O,R,S
i,n,t,e,r,c,o,m,-,s,e,s,s,i,o,n,-,z,u,t,p,g,q,u,r
i,n,t,e,r,c,o,m,-,d,e,v,i,c,e,-,i,d,-,z,u,t,p,g,q,u,r
A,W,S,A,L,B
A,W,S,A,L,B,C,O,R,S
j,o,b,-,r,e,f,e,r,r,e,r
_,p,r,e,h,i,r,e,_,s,e,s,s,i,o,n
C,M,P,_,V,I,S,I,T,E,D
_,h,a,s,h
_,h,a,s,h,V
g,d,s,i,d
a,t
_,_,c,f,_,b,m
a,l,r
J,S,E,S,S,I,O,N,I,D
b,s
i,n,d,e,e,d,C,t,k
A,W,S,A,L,B
A,W,S,A,L,B,C,O,R,S
G,S,E,S,S,I,O,N,I,D
c,a,s,s
g,d,I,d
a,s,s,t
C,O,M,P,A,S,S
C,O,M,P,A,S,S
A,W,S,E,L,B
A,W,S,E,L,B,C,O,R,S
v,i,s,i,t,o,r,_,I,d
s,e,s,s,i,o,n,_,I,d
c,m,p,p,m,e,t,a
b,v,c,m,p,g,n
_,_,a,d,b,l,o,c,k,e,r
b,l,o,c,k,i,n,g,_,s,i,g,n,_,i,n,_,i,n,t,e,r,s,t,i,t,i,a,l
_,s,e,s,s,i,o,n,_,i,d,2
s,L,a,n,g,u,a,g,e,C,o,d,e
c,o,o,k,i,e,t,e,s,t
c,c,_,c,o,o,k,i,e,_,8,7,3
v,i,s,i,d,_,i,n,c,a,p,_,2,3,2,9,4,0,2
a,c,w,_,t,c
y,u,n,t,r,a,c,k,A,c,c,e,p,t
_,_,c,f,l,b
g,l,i,d,e,_,u,s,e,r,_,r,o,u,t,e
R,O,J,C
R,S,J,C
p,u,b
R,J,A,S
I,A,_,F,I,L,E,_,H,A,S,H
I,A,S,T
_,d,d,_,s
b,m,_,s,z
u,t,a,g,_,m,a,i,n
S,a,m,e,S,i,t,e
a,k,_,b,m,s,c
A,D,R,U,M,_,B,T,1
A,D,R,U,M,_,B,T,a
b,m,_,s,v
a,s,_,s,f,a
m,b,o,x
d,s,s,i,d,2
d,s,s,f
a,s,_,d,c
s,_,f,i,d
_,_,c,f,l,b
_,_,c,f,l,b
C,O
A,T,_,L,V
_,_,c,f,_,b,m
p,r,e,v,i,o,u,s,l,y,_,r,e,g,i,s,t,e,r,e,d,_,p,o,p
z,g,l,o,b,a,l,i,d
f,i,r,s,t,_,p,a,g,e,_,v,i,e,w
z,i,p,r,e,c,r,u,i,t,e,r,_,b,r,o,w,s,e,r
S,A,F,E,S,A,V,E,_,T,O,K,E,N
e,x,p,e,r,i,a,n,_,c,a,m,p,a,i,g,n,_,v,i,s,i,t,e,d
z,i,p,r,e,c,r,u,i,t,e,r,_,s,e,s,s,i,o,n
z,i,p,r,e,c,r,u,i,t,e,r,_,b,r,o,w,s,e,r
z,v,a
c,o,o,k,i,e,c,o,n,s,e,n,t,_,s,t,a,t,u,s
t,w,i,t,c,h,.,l,o,h,p,.,c,o,u,n,t,r,y,C,o,d,e
t,w,i,t,c,h,.,l,o,h,p,.,c,o,u,n,t,r,y,C,o,d,e
t,w,i,t,c,h,.,l,o,h,p,.,c,o,u,n,t,r,y,C,o,d,e
t,w,i,t,c,h,.,l,o,h,p,.,c,o,u,n,t,r,y,C,o,d,e
t,w,i,t,c,h,.,l,o,h,p,.,c,o,u,n,t,r,y,C,o,d,e
t,w,i,t,c,h,.,l,o,h,p,.,c,o,u,n,t,r,y,C,o,d,e
t,w,i,t,c,h,.,l,o,h,p,.,c,o,u,n,t,r,y,C,o,d,e
t,w,i,t,c,h,.,l,o,h,p,.,c,o,u,n,t,r,y,C,o,d,e
t,w,i,t,c,h,.,l,o,h,p,.,c,o,u,n,t,r,y,C,o,d,e
t,w,i,t,c,h,.,l,o,h,p,.,c,o,u,n,t,r,y,C,o,d,e
t,w,i,t,c,h,.,l,o,h,p,.,c,o,u,n,t,r,y,C,o,d,e
t,w,i,t,c,h,.,l,o,h,p,.,c,o,u,n,t,r,y,C,o,d,e
t,w,i,t,c,h,.,l,o,h,p,.,c,o,u,n,t,r,y,C,o,d,e
t,w,i,t,c,h,.,l,o,h,p,.,c,o,u,n,t,r,y,C,o,d,e
t,w,i,t,c,h,.,l,o,h,p,.,c,o,u,n,t,r,y,C,o,d,e
t,w,i,t,c,h,.,l,o,h,p,.,c,o,u,n,t,r,y,C,o,d,e
t,w,i,t,c,h,.,l,o,h,p,.,c,o,u,n,t,r,y,C,o,d,e
t,w,i,t,c,h,.,l,o,h,p,.,c,o,u,n,t,r,y,C,o,d,e
t,w,i,t,c,h,.,l,o,h,p,.,c,o,u,n,t,r,y,C,o,d,e
t,w,i,t,c,h,.,l,o,h,p,.,c,o,u,n,t,r,y,C,o,d,e
t,w,i,t,c,h,.,l,o,h,p,.,c,o,u,n,t,r,y,C,o,d,e
t,w,i,t,c,h,.,l,o,h,p,.,c,o,u,n,t,r,y,C,o,d,e
t,w,i,t,c,h,.,l,o,h,p,.,c,o,u,n,t,r,y,C,o,d,e
t,w,i,t,c,h,.,l,o,h,p,.,c,o,u,n,t,r,y,C,o,d,e
t,w,i,t,c,h,.,l,o,h,p,.,c,o,u,n,t,r,y,C,o,d,e
t,w,i,t,c,h,.,l,o,h,p,.,c,o,u,n,t,r,y,C,o,d,e
h,p,n,o,d,e
_,_,c,f,_,b,m
c,f,_,c,l,e,a,r,a,n,c,e
L,O,C,A,L,E
U,D
C,O
R,Q
P,R,E,F
L,V
i,n,d,e,e,d,_,r,c,c
L,O,C,A,L,E
L,O,C,A,L,E
_,_,c,f,_,b,m
I,A,_,R,O,J,C
I,A,_,R,S,J,C
C,T,K
L,C
P,P,I,D
_,_,c,f,_,b,m
t,w,i,t,c,h,.,l,o,h,p,.,c,o,u,n,t,r,y,C,o,d,e
t,w,i,t,c,h,.,l,o,h,p,.,c,o,u,n,t,r,y,C,o,d,e
t,w,i,t,c,h,.,l,o,h,p,.,c,o,u,n,t,r,y,C,o,d,e
t,w,i,t,c,h,.,l,o,h,p,.,c,o,u,n,t,r,y,C,o,d,e
t,w,i,t,c,h,.,l,o,h,p,.,c,o,u,n,t,r,y,C,o,d,e
t,w,i,t,c,h,.,l,o,h,p,.,c,o,u,n,t,r,y,C,o,d,e
t,w,i,t,c,h,.,l,o,h,p,.,c,o,u,n,t,r,y,C,o,d,e
t,w,i,t,c,h,.,l,o,h,p,.,c,o,u,n,t,r,y,C,o,d,e
t,w,i,t,c,h,.,l,o,h,p,.,c,o,u,n,t,r,y,C,o,d,e
t,w,i,t,c,h,.,l,o,h,p,.,c,o,u,n,t,r,y,C,o,d,e
t,w,i,t,c,h,.,l,o,h,p,.,c,o,u,n,t,r,y,C,o,d,e
t,w,i,t,c,h,.,l,o,h,p,.,c,o,u,n,t,r,y,C,o,d,e
t,w,i,t,c,h,.,l,o,h,p,.,c,o,u,n,t,r,y,C,o,d,e
t,w,i,t,c,h,.,l,o,h,p,.,c,o,u,n,t,r,y,C,o,d,e
t,w,i,t,c,h,.,l,o,h,p,.,c,o,u,n,t,r,y,C,o,d,e
t,w,i,t,c,h,.,l,o,h,p,.,c,o,u,n,t,r,y,C,o,d,e
t,w,i,t,c,h,.,l,o,h,p,.,c,o,u,n,t,r,y,C,o,d,e
t,w,i,t,c,h,.,l,o,h,p,.,c,o,u,n,t,r,y,C,o,d,e
t,w,i,t,c,h,.,l,o,h,p,.,c,o,u,n,t,r,y,C,o,d,e
t,w,i,t,c,h,.,l,o,h,p,.,c,o,u,n,t,r,y,C,o,d,e
t,w,i,t,c,h,.,l,o,h,p,.,c,o,u,n,t,r,y,C,o,d,e
_,_,c,f,_,b,m
t,w,i,t,c,h,.,l,o,h,p,.,c,o,u,n,t,r,y,C,o,d,e
V,I,S,I,T,O,R,_,I,N,F,O,1,_,L,I,V,E
t,w,i,t,c,h,.,l,o,h,p,.,c,o,u,n,t,r,y,C,o,d,e
t,w,i,t,c,h,.,l,o,h,p,.,c,o,u,n,t,r,y,C,o,d,e
t,w,i,t,c,h,.,l,o,h,p,.,c,o,u,n,t,r,y,C,o,d,e
_,_,c,f,_,b,m
c,f,_,c,l,e,a,r,a,n,c,e
E,P,I,C,_,S,E,S,S,I,O,N,_,R,E,P,U,T,A,T,I,O,N
E,P,I,C,_,D,E,V,I,C,E
E,P,I,C,_,S,E,S,S,I,O,N,_,A,P
_,p,b,j,s,_,u,s,e,r,i,d,_,c,o,n,s,e,n,t,_,d,a,t,a
s,_,f,p,i,d
A,K,A,_,A,2
_,_,C,O,M,_,S,P,E,E,D
c,o,o,k,i,e,_,c,o,u,n,t,r,y
u,t,a,g,_,m,a,i,n
_,_,_,G,A,L,A,X,Y,_,S,P,E,E,D
_,o,r,i,g,_,r,e,f,e,r,r,e,r
_,l,a,n,d,i,n,g,_,p,a,g,e
l,o,c,a,l,i,z,a,t,i,o,n
k,e,e,p,_,a,l,i,v,e
_,c,m,p,_,a
p,r,o,o,f,-,f,a,c,t,o,r,-,u,s,e,r,-,1,a,2,e,b,c,5,c,-,4,5,e,a,-,4,5,0,b,-,b,b,a,8,-,5,5,9,9,2,3,9,9,2,9,c,6,-,a,l,l,-,t,i,m,e,-,d,a,t,a
s,e,c,u,r,e,_,c,u,s,t,o,m,e,r,_,s,i,g
_,y
_,s
_,s,h,o,p,i,f,y,_,y
_,s,h,o,p,i,f,y,_,s
t,w,i,t,c,h,.,l,o,h,p,.,c,o,u,n,t,r,y,C,o,d,e
t,w,i,t,c,h,.,l,o,h,p,.,c,o,u,n,t,r,y,C,o,d,e
t,w,i,t,c,h,.,l,o,h,p,.,c,o,u,n,t,r,y,C,o,d,e
t,w,i,t,c,h,.,l,o,h,p,.,c,o,u,n,t,r,y,C,o,d,e
t,w,i,t,c,h,.,l,o,h,p,.,c,o,u,n,t,r,y,C,o,d,e
k,e,e,p,_,a,l,i,v,e
s,e,c,u,r,e,_,c,u,s,t,o,m,e,r,_,s,i,g
l,o,c,a,l,i,z,a,t,i,o,n
_,c,m,p,_,a
_,y
_,s
_,s,h,o,p,i,f,y,_,y
_,s,h,o,p,i,f,y,_,s
_,o,r,i,g,_,r,e,f,e,r,r,e,r
_,l,a,n,d,i,n,g,_,p,a,g,e
_,_,c,f,_,b,m
a,m,p,_,f,2,4,a,3,8
_,_,c,f,_,b,m
_,_,c,f,_,b,m
_,z,m,_,t,r,a,c,k,i,n,g,_,g,u,i,d
t,w,i,t,c,h,.,l,o,h,p,.,c,o,u,n,t,r,y,C,o,d,e
t,w,i,t,c,h,.,l,o,h,p,.,c,o,u,n,t,r,y,C,o,d,e
C,T,E,5
_,c,l,s,_,v
A,M,C,V,_,4,7,9,7,7,B,2,A,5,3,A,8,5,2,2,1,0,A,4,9,0,D,4,5,%,4,0,A,d,o,b,e,O,r,g
c,j,C,o,n,s,e,n,t
_,_,c,f,_,b,m
C,o,n,s,e,n,t,C,a,p,t,u,r,e
s,e,a,r,c,h,F,o,r,m,C,o,o,k,i,e
c,s,r,f,t,o,k,e,n
B,a,n,n,e,r,D,i,s,p,l,a,y,e,d
P,e,r,s,o,n,a,l,i,z,a,t,i,o,n,C,o,o,k,i,e
c,o,o,k,i,e,_,c,o,m,p,l,i,a,n,c,e,-,v,e,r,s,i,o,n
c,o,o,k,i,e,_,c,o,m,p,l,i,a,n,c,e
A,W,S,A,L,B
A,W,S,A,L,B,C,O,R,S
_,h,a,s,h
_,h,a,s,h,V
a,u,t,h,0,S,t,a,t,e
e,x,t,r,a,S,t,a,t,e
_,c,o,m,.,a,u,t,h,0,.,a,u,t,h,.,D,C,4,T,M,a,T,M,X,N,S,h,m,n,v,_,r,j,k,B,6,_,c,o,m,p,a,t
c,o,m,.,a,u,t,h,0,.,a,u,t,h,.,D,C,4,T,M,a,T,M,X,N,S,h,m,n,v,_,r,j,k,B,6
a,u,t,h,0
a,u,t,h,0,_,c,o,m,p,a,t
_,d,d,_,s
A,n,s,w,e,r,s,.,A,u,t,h,P,r,o,v,i,d,e,r
a,n,s,w,e,r,s,t,z,o
M,i,c,r,o,s,o,f,t,A,p,p,l,i,c,a,t,i,o,n,s,T,e,l,e,m,e,t,r,y,D,e,v,i,c,e,I,d
M,S,F,P,C
a,i,_,s,e,s,s,i,o,n
_,s,p,l,u,n,k,_,r,u,m,_,s,i,d
e,p,2,0,1
e,p,2,0,2
b,a,s,s,e,t
A,M,P,_,M,K,T,G,_,6,7,6,5,a,5,5,f,4,9
o,p,t,i,m,i,z,e,l,y,E,n,d,U,s,e,r,I,d
D,S,_,O,P,T,_,O,E,U,_,S,Y,N,C,E,D
r,e,g,i,o,n,I,P
v,i,s,i,d,_,i,n,c,a,p,_,1,5,5,9,5,9,9
a,k,_,b,m,s,c
b,m,_,s,z
f,d,x,_,l,o,c,a,l,e
s,_,i,n,v,i,s,i,t
g,_,s,r,e,f
g,_,s,t,i,m,e
s,_,v,n,u,m
g,d,l,-,c,l,i,e,n,t,I,d
S,a,m,e,S,i,t,e
S,a,m,e,S,i,t,e
_,a,b,c,k
A,D,R,U,M,_,B,T,a
g,p,v,_,p,a,g,e,N,a,m,e
A,M,C,V,_,1,E,2,2,1,7,1,B,5,2,0,E,9,3,B,F,0,A,4,9,0,D,4,4,%,4,0,A,d,o,b,e,O,r,g
s,i,t,e,D,C
x,a,c,c
b,m,_,s,v
u,s,p,r,i,v,a,c,y
_,b,2
w,i,k,i,a,_,s,e,s,s,i,o,n,_,i,d
s,e,s,s,i,o,n,I,d
p,v,N,u,m,b,e,r
p,v,N,u,m,b,e,r,G,l,o,b,a,l
t,r,a,c,k,i,n,g,_,s,e,s,s,i,o,n,_,i,d
p,v,_,n,u,m,b,e,r,_,g,l,o,b,a,l
p,v,_,n,u,m,b,e,r
w,i,k,i,a,_,b,e,a,c,o,n,_,i,d
l,a,s,t,D,e,a,l,e,r
A,M,P,_,6,7,6,5,a,5,5,f,4,9
a,e,3,_,b,a,s,s,e,t
_,_,c,f,_,b,m
m,t,s,n,b,_,l,a,s,t,v,i,s,i,t,e,d
m,t,s,n,b,_,l,a,s,t,v,i,s,i,t,_,p,o,s,t,s
c,o,o,k,i,e,c,o,n,s,e,n,t,_,s,t,a,t,u,s
i,s,H,i,d,e,F,B,K
_,j,u,_,v
_,j,u,_,d,m
_,j,u,_,d,n
_,_,c,f,l,b
_,j,u,_,p,n
_,j,u,_,d,c
i,s,R,e,a,d,C,o,o,k,i,e,P,o,l,i,c,y,D,N,T
i,s,R,e,a,d,C,o,o,k,i,e,P,o,l,i,c,y,D,N,T,A,a
r,o,g,_,c,l,o,s,e,_,a,d,v,e,r,t
r,o,g,_,a,l,l,P,a,g,e,S,h,o,w,_,a,d,v,e,r,t
_,g,c,l,_,a,u
_,o,r,i,g,_,r,e,f,e,r,r,e,r
_,l,a,n,d,i,n,g,_,p,a,g,e
k,e,e,p,_,a,l,i,v,e
s,e,c,u,r,e,_,c,u,s,t,o,m,e,r,_,s,i,g
l,o,c,a,l,i,z,a,t,i,o,n
_,c,m,p,_,a
_,y
_,s
_,s,h,o,p,i,f,y,_,y
_,s,h,o,p,i,f,y,_,s
v,i,s
w,o,e,_,i,d
_,_,c,f,_,b,m
_,p,x,v,i,d
l,a,s,t,_,p,a,g,e
c,f,_,c,l,e,a,r,a,n,c,e
_,_,s,t,r,i,p,e,_,s,i,d
_,_,s,t,r,i,p,e,_,m,i,d
c,f,_,c,l,e,a,r,a,n,c,e
_,p,x,3
_,s,l,v,s
_,s,l,v,d,d,v
l,o,c,a,l,i,z,a,t,i,o,n
c,a,r,t,_,c,u,r,r,e,n,c,y
c,h,e,c,k,o,u,t,_,s,e,s,s,i,o,n,_,t,o,k,e,n,_,_,c,n,_,_,c,1,-,c,e,9,5,b,b,e,8,d,d,5,0,8,6,f,d,0,0,b,a,8,9,4,4,8,a,f,e,4,5,3,f
c,h,e,c,k,o,u,t,_,s,e,s,s,i,o,n,_,l,o,o,k,u,p
s,e,c,u,r,e,_,c,u,s,t,o,m,e,r,_,s,i,g
h,i,d,e,_,s,h,o,p,i,f,y,_,p,a,y,_,f,o,r,_,c,h,e,c,k,o,u,t
s,k,i,p,_,s,h,o,p,_,p,a,y
q,u,e,u,e,_,t,o,k,e,n
u,n,i,q,u,e,_,i,n,t,e,r,a,c,t,i,o,n,_,i,d
_,s,e,c,u,r,e,_,s,e,s,s,i,o,n,_,i,d
l,o,g,g,e,d,C,o,n,v,e,r,s,i,o,n,2
_,c,m,p,_,a
_,y
_,s
_,s,h,o,p,i,f,y,_,y
_,s,h,o,p,i,f,y,_,s
s,f,d,c,-,s,t,r,e,a,m
p,c,t,r,k
o,r,d,e,r
A,W,S,A,L,B
A,W,S,A,L,B,C,O,R,S
A,W,S,A,L,B
A,W,S,A,L,B,C,O,R,S
s,i,d,-,v,e,r,i,f,i,c,a,t,i,o,n,I,d
A,W,S,A,L,B
A,W,S,A,L,B,C,O,R,S
f,o,r,c,e,C,C,P,A
O,p,t,a,n,o,n,A,l,e,r,t,B,o,x,C,l,o,s,e,d
l,a,s,t,V,i,s,i,t,e,d,_,b,o,x,l,u,n,c,h
O,p,t,a,n,o,n,C,o,n,s,e,n,t
a,k,u,s,a,a
b,m,_,s,z
_,a,b,c,k
b,m,_,s,z
u,s,a,a,.,c,o,m,.,m,a,c,h,i,n,e,.,i,d,e,n,t
U,s,a,a,M,b,W,e,b,M,e,m,b,e,r,L,o,g,g,e,d,I,n
_,a,b,c,k
c,j,U,s,e,r
s,_,p,e,r,s
u,t,a,g,_,m,a,i,n
A,W,S,A,L,B
A,W,S,A,L,B,C,O,R,S
t,w,i,t,c,h,.,l,o,h,p,.,c,o,u,n,t,r,y,C,o,d,e
t,w,i,t,c,h,.,l,o,h,p,.,c,o,u,n,t,r,y,C,o,d,e
t,w,i,t,c,h,.,l,o,h,p,.,c,o,u,n,t,r,y,C,o,d,e
t,w,i,t,c,h,.,l,o,h,p,.,c,o,u,n,t,r,y,C,o,d,e
t,w,i,t,c,h,.,l,o,h,p,.,c,o,u,n,t,r,y,C,o,d,e
t,w,i,t,c,h,.,l,o,h,p,.,c,o,u,n,t,r,y,C,o,d,e
c,o,n,n,e,c,t,.,s,i,d
l,o,g,g,e,d,-,i,n,-,h,i,n,t
i,n,t,e,r,c,o,m,-,s,e,s,s,i,o,n,-,p,g,p,b,h,p,h,6
i,n,t,e,r,c,o,m,-,d,e,v,i,c,e,-,i,d,-,p,g,p,b,h,p,h,6
A,W,S,A,L,B
A,W,S,A,L,B,C,O,R,S
_,_,c,f,_,b,m
b,m,_,s,z
A,K,A,_,A,2
a,k,_,b,m,s,c
O,p,t,a,n,o,n,A,l,e,r,t,B,o,x,C,l,o,s,e,d
b,m,_,m,i
b,m,_,s,v
O,p,t,a,n,o,n,C,o,n,s,e,n,t
_,a,b,c,k
a,i,_,u,s,e,r
z,a,i,u,s,_,j,s,_,v,e,r,s,i,o,n
v,u,i,d
z,_,i,d,s,y,n,c,s
v,t,s,r,c
s,i,n,g,l,e,S,i,g,n,O,n,T,i,m,e,o,u,t,U,R,L
T,S,3,7,4,d,8,a,c,6,0,2,9
O,T,Z
c,h,t,r,p,k,e,y
d,l,a,_,s,e,s,s,i,o,n
d,l,a,_,m,a,r,k,e,r
u,t,a,g,_,m,a,i,n
t,h,u,m,b,p,r,i,n,t,_,c,o,n,s,u,m,e,r,_,p,o,r,t,a,l
f,i,d,s,e,s,s
c,h,t,r,s,e,s,s,i,o,n,i,d
X,S,R,F,-,T,O,K,E,N
f,i,d,l,a
d,l,a,_,d,e,v,i,c,e
_,t
w,w,r,b,u,c,k,e,t
w,w,r,b,u,c,k,e,t
w,w,r,b,u,c,k,e,t
w,w,r,b,u,c,k,e,t
w,w,r,b,u,c,k,e,t
w,w,r,b,u,c,k,e,t
C,o,o,k,i,e,C,o,n,s,e,n,t
7,1,c,d,2,e,b,a,6,3,3,4,9,9,5,a,f,6,5,9,1,0,a,a,d,8,1,f,2,4,d,b
_,a,b,c,k
b,m,_,s,z
a,k,_,b,m,s,c
a,e,m,_,e,c,A,p,i,_,H,R
S,a,m,e,S,i,t,e
s,p,e,c,t,r,u,m,-,r,e,s,i,d,e,n,t,i,a,l,-,u,s,e,r,-,p,r,o,f,i,l,e
u,t,a,g,_,m,a,i,n
m,b,o,x
A,M,C,V,_,9,7,C,9,0,2,B,E,5,3,2,9,5,F,C,8,0,A,4,9,0,D,4,C,%,4,0,A,d,o,b,e,O,r,g
s,_,p,e,r,s
b,m,_,s,v
t,h,x,_,g,u,i,d
S,C,_,A,N,A,L,Y,T,I,C,S,_,G,L,O,B,A,L,_,C,O,O,K,I,E
C,U,R,R,E,N,T,_,E,F,F,E,C,T,I,V,E,_,L,O,C,A,L,E,.,8,7,c,1,f,a,8,e,-,9,6,1,2,-,4,a,a,9,-,a,8,3,7,-,0,5,6,f,6,4,1,a,3,5,c,7
s,f,_,b,f,p
_,i,m,p,_,d,i,_,p,c,_
_,_,t,s,_,x,f,d,F,3,_,_
_,i,m,p,_,a,p,g,_,r,_
s,G,B,3,p,K,S,f
O,p,t,a,n,o,n,C,o,n,s,e,n,t
L,P,V,I,D
O,p,t,a,n,o,n,A,l,e,r,t,B,o,x,C,l,o,s,e,d
D,T
D,T
s,i,d,|,d,0,4,5,4,e,7,1,-,0,d,1,c,-,4,c,3,5,-,8,c,e,c,-,9,4,4,b,a,3,1,7,7,1,c,9
_,x,s,r,f,|,d,0,4,5,4,e,7,1,-,0,d,1,c,-,4,c,3,5,-,8,c,e,c,-,9,4,4,b,a,3,1,7,7,1,c,9
s,i,d
h,t,t,p,s,%,3,a,%,2,f,%,2,f,m,y,h,u,b,.,m,a,n,t,e,c,h,.,c,o,m,%,2,f,p,s,p,%,2,f,f,m,s,p,r,d,%,2,f,s,u,p,p,l,i,e,r,%,2,f,e,r,p,%,2,f,r,e,f,r,e,s,h
_,_,c,f,_,b,m
p,i,d
e,z,o,a,b,_,2,3,3,3,1,9
e,z,o,a,d,g,i,d,_,2,3,3,3,1,9
e,z,o,r,e,f,_,2,3,3,3,1,9
e,z,o,s,u,i,b,a,s,g,e,n,e,r,i,s,-,1
a,c,t,i,v,e,_,t,e,m,p,l,a,t,e,:,:,2,3,3,3,1,9
e,z,o,p,v,c,_,2,3,3,3,1,9
e,z,e,p,v,v
e,z,o,v,i,d,_,2,3,3,3,1,9
l,p,_,2,3,3,3,1,9
e,z,o,v,u,u,i,d,t,i,m,e,_,2,3,3,3,1,9
e,z,o,v,u,u,i,d,_,2,3,3,3,1,9
e,z,d,s
e,z,o,h,w
e,z,u,x,_,l,p,l,_,2,3,3,3,1,9
A,K,A,_,A,2
_,a,b,c,k
b,m,_,s,z
7,G,m,h,H,y,n,t,A,p
O,p,e,n,I,d,C,o,n,n,e,c,t,.,n,o,n,c,e,.,v,3,.,u,a,I,h,e,D,3,o,v,Y,W,P,K,7,t,F,N,f,A,V,v,g,O,R,3,o,X,T,y,h,4,W,Q,P,m,M,a,k,v,S,E,m,g
X,-,O,W,A,-,R,e,d,i,r,e,c,t,H,i,s,t,o,r,y
u,a,i,d
s,e,s,s,i,o,n,-,k,e,y,-,w,w,w
s,e,s,s,i,o,n,-,k,e,y,-,a,p,e,x
L,D
e,t,-,v,1,-,1,-,1,-,_,e,t,s,y,_,c,o,m
p
u,a
g,r,a,n,i,f,y,.,u,u,i,d
g,r,a,n,i,f,y,.,n,e,w,_,u,s,e,r,.,q,i,v,B,M
g,r,a,n,i,f,y,.,s,e,s,s,i,o,n,.,q,i,v,B,M
f,v,e
_,f,b,p
s,s,r,-,c,a,c,h,i,n,g
s,v,S,e,s,s,i,o,n
f,e,d,o,p,s,.,l,o,g,g,e,r,.,d,e,f,a,u,l,t,O,v,e,r,r,i,d,e,s
b,S,e,s,s,i,o,n
O,p,t,a,n,o,n,C,o,n,s,e,n,t
c,s,m,-,h,i,t
t,w,i,t,c,h,.,l,o,h,p,.,c,o,u,n,t,r,y,C,o,d,e
t,w,i,t,c,h,.,l,o,h,p,.,c,o,u,n,t,r,y,C,o,d,e
t,w,i,t,c,h,.,l,o,h,p,.,c,o,u,n,t,r,y,C,o,d,e
t,w,i,t,c,h,.,l,o,h,p,.,c,o,u,n,t,r,y,C,o,d,e
t,w,i,t,c,h,.,l,o,h,p,.,c,o,u,n,t,r,y,C,o,d,e
t,w,i,t,c,h,.,l,o,h,p,.,c,o,u,n,t,r,y,C,o,d,e
t,w,i,t,c,h,.,l,o,h,p,.,c,o,u,n,t,r,y,C,o,d,e
t,w,i,t,c,h,.,l,o,h,p,.,c,o,u,n,t,r,y,C,o,d,e
t,w,i,t,c,h,.,l,o,h,p,.,c,o,u,n,t,r,y,C,o,d,e
_,m,z,v,r
s,b,-,s,f,-,a,t,-,p,r,o,d
c,f,_,c,l,e,a,r,a,n,c,e
_,_,p,r,.,1,o,e,3
b,m,_,m,i
l,o,c,a,l,H,o,u,r
s,e,s,s,i,o,n,C,o,u,n,t
i,s,d,e,a,l,V,a,l,i,d,a,t,e,d
i,s,L,o,g,i,n
a,k,_,b,m,s,c
_,_,p,r,.,1,o,e,3
_,d,o,c,u,m,e,n,t,R,e,f,e,r,r,e,r,S,e,t
s,e,s,s,i,o,n,I,s,L,i,v,e
g,t,m,N,a,m,e,s,p,a,c,e,D,e,c,l,a,r,e,d
_,m,z,v,t
s,b,-,s,f,-,r,t,-,p,r,o,d
_,m,z,v,t
s,b,-,s,f,-,a,t,-,p,r,o,d
V,U,E,_,L,O,C,A,L,E
_,_,u,z,m,c
_,_,u,z,m,d
s,e,s,s,i,o,n,i,d
_,_,c,f,_,b,m
u,s,e,r,-,v,a,l,u,e
O,p,t,a,n,o,n,C,o,n,s,e,n,t
m
y,a,m,t,r,a,k,_,i,d
o,f,f,i,c,e,_,a,c,c,e,s,s,_,t,o,k,e,n
_,s,e,s,s,i,o,n
f,a,s,t,c,o,m,m,e,n,t,s,.,s,i,d
k,8,K,s,j,3,4,6
a,d,p,.,a,i,m,.,b,r,a,n,d,i,n,g
a,d,p,.,a,i,m,.,s,i,g,n,i,n,.,t,o,g,g,l,e,.,v,1
v,i,s,i,d,_,i,n,c,a,p,_,2,5,0,6,5,1,7
A,D,P,L,a,n,g,L,o,c,a,l,e,C,o,o,k,i,e
_,a,b,c,k
a,k,_,b,m,s,c
b,m,_,s,z
i,p,s,4,_,h,a,s,J,S
c,f,_,c,l,e,a,r,a,n,c,e
c,o,o,k,i,e,_,n,o,t,i,c,e,_,a,c,c,e,p,t,e,d
c,f,_,c,l,e,a,r,a,n,c,e
P,S,_,D,E,V,I,C,E,F,E,A,T,U,R,E,S
j,a,r
l,i,d
b,j,a,r
b,l,i,d
d,b,-,h,e,l,p,-,c,e,n,t,e,r,-,u,i,d
O,S,I,D
_,_,S,e,c,u,r,e,-,O,S,I,D
p,v,c,_,v,i,s,i,t,s,[,0,]
e,z,o,v,i,d,_,9,6,2,8,2
e,z,u,x,_,l,p,l,_,9,6,2,8,2
_,_,u,n,i,d
u,n,i,c,_,u,s,p
u,s,p,r,i,v,a,c,y
e,u,c,o,n,s,e,n,t,-,v,2
C,o,o,k,i,e,C,o,n,s,e,n,t
O,p,t,a,n,o,n,A,l,e,r,t,B,o,x,C,l,o,s,e,d
O,p,t,a,n,o,n,C,o,n,s,e,n,t
k,e,e,p,_,a,l,i,v,e
s,e,c,u,r,e,_,c,u,s,t,o,m,e,r,_,s,i,g
l,o,c,a,l,i,z,a,t,i,o,n
c,a,r,t,_,c,u,r,r,e,n,c,y
_,c,m,p,_,a
_,y
_,s
_,s,h,o,p,i,f,y,_,y
_,s,h,o,p,i,f,y,_,s
_,o,r,i,g,_,r,e,f,e,r,r,e,r
_,l,a,n,d,i,n,g,_,p,a,g,e
s,h,o,p,i,f,y,_,p,a,y,_,r,e,d,i,r,e,c,t
n,f,2,6,2,3,7,_,c,u,s,t,o,m,e,r,_,c,o,d,e
n,f,_,d,e,v,i,c,e
_,p,s,_,s,e,s,s,i,o,n
c,o,o,k,i,e,c,o,n,s,e,n,t,_,p,r,e,f,e,r,e,n,c,e,s,_,d,i,s,a,b,l,e,d
X,S,R,F,-,T,O,K,E,N
p,a,g,e,c,o,u,n,t
X,S,R,F,-,T,O,K,E,N
l,a,r,a,v,e,l,_,s,e,s,s,i,o,n
b,m,_,s,z
b,b,y,_,r,d,p
b,b,y,_,i,s,p,u,_,l,b
b,m,_,s,z
_,a,b,c,k
b,b,y,_,s,u,g,g,e,s,t,_,l,b
v,t
C,a,r,t,I,t,e,m,C,o,u,n,t
b,a,s,k,e,t,T,i,m,e,s,t,a,m,p
C,T,E,2,9
_,a,b,c,k
l,o,c,D,e,s,t,Z,i,p
b,b,y,_,s,h,p,g,_,l,b
c,u,s,t,o,m,e,r,Z,i,p,C,o,d,e
p,s,t,2
p,h,y,s,i,c,a,l,_,d,m,a
s,c,-,l,o,c,a,t,i,o,n,-,v,2
l,o,c,S,t,o,r,e,I,d
b,b,y,_,l,o,c,_,l,b
b,b,y,_,c,b,c,_,l,b
l,t,c
_,o,r,i,g,_,r,e,f,e,r,r,e,r
_,l,a,n,d,i,n,g,_,p,a,g,e
s,w,y,m,-,o,_,s
s,w,y,m,-,e,m,a,i,l
k,e,e,p,_,a,l,i,v,e
l,o,c,a,l,i,z,a,t,i,o,n
_,_,c,f,_,b,m
s,e,c,u,r,e,_,c,u,s,t,o,m,e,r,_,s,i,g
c,a,r,t,_,c,u,r,r,e,n,c,y
_,y
_,s
_,s,h,o,p,i,f,y,_,y
_,s,h,o,p,i,f,y,_,s
_,c,m,p,_,a
s,w,y,m,-,p,i,d
s,w,y,m,-,c,u,_,c,t
N,I,D
s,w,y,m,-,s,w,y,m,R,e,g,i,d
s,w,y,m,-,i,n,s,t,r,u,m,e,n,t,M,a,p
c,o,o,k,i,e,c,o,n,s,e,n,t,_,p,r,e,f,e,r,e,n,c,e,s,_,d,i,s,a,b,l,e,d
O,T,Z
s,w,y,m,-,s,e,s,s,i,o,n,-,i,d
L,d,l,7,Y,n,F,K
_,i,m,p,_,a,p,g,_,r,_
_,_,w,i,d
f,t,r,_,b,l,s,t,_,1,h
f,o,r,t,e,r,T,o,k,e,n
c,y,b,e,r,c,a,t,-,a,u,t,h
A,W,S,A,L,B
A,W,S,A,L,B,C,O,R,S
A,D,R,U,M,_,B,T
c,l,i,e,n,t,T,i,m,e,O,f,f,s,e,t
s,t,y,l,e
_,_,c,f,_,b,m
O,T,Z
_,_,c,f,_,b,m
O,p,t,a,n,o,n,A,l,e,r,t,B,o,x,C,l,o,s,e,d
_,_,c,f,_,b,m
O,p,t,a,n,o,n,C,o,n,s,e,n,t
k,e,e,p,_,a,l,i,v,e
s,e,c,u,r,e,_,c,u,s,t,o,m,e,r,_,s,i,g
l,o,c,a,l,i,z,a,t,i,o,n
c,a,r,t,_,c,u,r,r,e,n,c,y
_,c,m,p,_,a
_,y
_,s,h,o,p,i,f,y,_,y
_,o,r,i,g,_,r,e,f,e,r,r,e,r
_,l,a,n,d,i,n,g,_,p,a,g,e
_,s
_,s,h,o,p,i,f,y,_,s
_,s,h,o,p,i,f,y,_,s,a,_,t
_,s,h,o,p,i,f,y,_,s,a,_,p
s,h,o,p,i,f,y,_,p,a,y,_,r,e,d,i,r,e,c,t
n,f,2,6,2,3,7,_,c,u,s,t,o,m,e,r,_,c,o,d,e
n,f,_,d,e,v,i,c,e
_,p,s,_,s,e,s,s,i,o,n
c,o,o,k,i,e,c,o,n,s,e,n,t,_,p,r,e,f,e,r,e,n,c,e,s,_,d,i,s,a,b,l,e,d
O,T,Z
T,f,X,M,W,j,9,5,u,2,_,Z,f,1,K,m,v,_,G,C,U,O,j,l,G,G,8
d,_,i,d
r,m,u,c
K,H,c,l,0,E,u,Y,7,A,K,S,M,g,f,v,H,l,7,J,5,E,7,h,P,t,K
e,n,f,o,r,c,e,_,p,o,l,i,c,y
L,A,N,G
t,s,r,c,e
l,7,_,a,z
t,s
t,s,_,c
c,o,o,k,i,e,c,o,n,s,e,n,t,_,s,t,a,t,u,s
c,h,e,c,k,o,u,t,_,s,e,s,s,i,o,n,_,t,o,k,e,n,_,_,c,n,_,_,c,1,-,2,5,9,3,c,5,8,7,9,f,f,0,a,1,4,d,1,4,c,7,6,b,1,3,5,e,4,1,3,a,7,0
c,h,e,c,k,o,u,t,_,s,e,s,s,i,o,n,_,l,o,o,k,u,p
_,c,h,e,c,k,o,u,t,_,w,o,r,k,e,r,_,s,e,s,s,i,o,n
h,i,d,e,_,s,h,o,p,i,f,y,_,p,a,y,_,f,o,r,_,c,h,e,c,k,o,u,t
s,k,i,p,_,s,h,o,p,_,p,a,y
q,u,e,u,e,_,t,o,k,e,n
u,n,i,q,u,e,_,i,n,t,e,r,a,c,t,i,o,n,_,i,d
s,h,o,p,i,f,y,_,p,a,y
s,h,o,p,_,p,a,y,_,a,c,c,e,l,e,r,a,t,e,d
l,o,g,g,e,d,C,o,n,v,e,r,s,i,o,n,2
l,o,g,g,e,d,C,o,n,v,e,r,s,i,o,n
S,C,_,A,N,A,L,Y,T,I,C,S,_,G,L,O,B,A,L,_,C,O,O,K,I,E
_,_,c,f,_,b,m
c,f,_,c,l,e,a,r,a,n,c,e
G,D,P,R, ,C,o,n,s,e,n,t
P,e,r,_,U,n,i,q,u,e,I,D
P,H,P,P,P,E,_,G,C,C
V,I,S,I,T,E,D,_,L,A,N,G
V,I,S,I,T,E,D,_,C,O,U,N,T,R,Y
q,t,r,a,n,s,_,f,r,o,n,t,_,l,a,n,g,u,a,g,e
_,w,p,_,v,i,s,i,t,o,r
v,i,s,i,t,o,r,F,i,r,s,t,L,a,n,d,i,n,g,P,a,g,e
P,S,_,D,E,V,I,C,E,F,E,A,T,U,R,E,S
s,e,s,s,i,o,n,_,i,d
s,i,d
r,h,i,d
e,f,d
v,i,s,i,t,C,o,u,n,t,e,r
A,E,C
O,p,t,a,n,o,n,A,l,e,r,t,B,o,x,C,l,o,s,e,d
S,a,m,e,S,i,t,e
A,D,R,U,M,_,B,T,1
A,D,R,U,M,_,B,T,a
S,a,m,e,S,i,t,e
O,p,t,a,n,o,n,C,o,n,s,e,n,t
c,d,n,_,d,e,t,e,c,t,_,r,e,s,u,l,t
_,z,m,_,s,c,c
_,_,c,f,_,b,m
W,M,F,-,L,a,s,t,-,A,c,c,e,s,s
W,M,F,-,L,a,s,t,-,A,c,c,e,s,s,-,G,l,o,b,a,l
W,M,F,-,L,a,s,t,-,A,c,c,e,s,s
W,M,F,-,L,a,s,t,-,A,c,c,e,s,s
N,e,t,w,o,r,k,P,r,o,b,e,L,i,m,i,t
N,e,t,w,o,r,k,P,r,o,b,e,L,i,m,i,t
_,_,s,t,r,i,p,e,_,s,i,d
_,_,s,t,r,i,p,e,_,m,i,d
1,P,_,J,A,R
O,p,e,n,I,d,C,o,n,n,e,c,t,.,n,o,n,c,e,.,v,3,.,n,X,7,h,t,Z,W,9,i,s,N,z,9,d,H,y,3,_,v,O,S,C,7,5,Q,5,D,4,I,j,f,l,z,h,7,r,b,D,_,h,E,e,4
l,n
l,u,f,_,-,1,3,6,8,3,6,8,6,0,2
e,n,d,u,s,e,r,_,v,e,r,s,i,o,n
p,r,o,x,i,m,i,t,y,_,7,0,6,6,9,8,f,a,0,b,8,9,0,9,c,2,e,5,2,0,2,a,d,6,f,2,0,5,5,5,c,f
_,_,c,f,l,b
_,_,c,f,_,b,m
o,s,a,n,o,_,c,o,n,s,e,n,t,m,a,n,a,g,e,r,_,u,u,i,d
o,s,a,n,o,_,c,o,n,s,e,n,t,m,a,n,a,g,e,r
a,u,t,h,e,n,t,i,c,a,t,o,r,.,s,i,d
t,d,i,d
W,M,F,-,D,P
W,M,F,-,L,a,s,t,-,A,c,c,e,s,s
N,e,t,w,o,r,k,P,r,o,b,e,L,i,m,i,t
N,e,t,w,o,r,k,P,r,o,b,e,L,i,m,i,t
p,r,o,v
r,h,_,c,o,m,m,o,n,_,i,d
_,c,o,o,k,i,e,s,_,a,c,c,e,p,t,e,d
t,a,l,k,s,e,s,s
_,_,s,t,r,i,p,e,_,s,i,d
_,_,s,t,r,i,p,e,_,m,i,d
_,s,h,o,p,i,f,y,_,t,m
_,s,h,o,p,i,f,y,_,t,w
s,h,o,p,i,f,y,_,p,a,y,_,r,e,d,i,r,e,c,t
u,s,e,r,_,l,o,c,a,t,i,o,n,_,d,a,t,a
_,p,s,_,p,o,p,_,6,2,8,0,9
_,s,e,c,u,r,e,_,s,e,s,s,i,o,n,_,i,d
_,s,h,o,p,i,f,y,_,s,a,_,t
_,s,h,o,p,i,f,y,_,s,a,_,p
_,p,s,_,s,e,s,s,i,o,n
s,e,c,u,r,e,_,c,u,s,t,o,m,e,r,_,s,i,g
l,o,c,a,l,i,z,a,t,i,o,n
c,a,r,t,_,c,u,r,r,e,n,c,y
_,c,m,p,_,a
_,y
_,s
_,s,h,o,p,i,f,y,_,y
_,s,h,o,p,i,f,y,_,s
_,o,r,i,g,_,r,e,f,e,r,r,e,r
_,l,a,n,d,i,n,g,_,p,a,g,e
k,e,e,p,_,a,l,i,v,e
_,o,r,i,g,_,r,e,f,e,r,r,e,r
_,l,a,n,d,i,n,g,_,p,a,g,e
s,h,o,p,i,f,y,_,p,a,y,_,r,e,d,i,r,e,c,t
l,o,c,a,l,i,z,a,t,i,o,n
_,y
_,s
_,s,h,o,p,i,f,y,_,y
_,s,h,o,p,i,f,y,_,s
_,s,h,o,p,i,f,y,_,s,a,_,t
_,s,h,o,p,i,f,y,_,s,a,_,p
s,e,c,u,r,e,_,c,u,s,t,o,m,e,r,_,s,i,g
c,a,r,t
c,a,r,t,_,t,s
c,a,r,t,_,s,i,g
_,c,m,p,_,a
k,e,e,p,_,a,l,i,v,e
c,a,r,t,_,c,u,r,r,e,n,c,y
c,o,o,k,i,e,s,_,a,l,l,o,w,e,d
s,i,d,|,0,f,e,7,8,6,c,d,-,3,6,9,3,-,4,b,2,e,-,a,a,8,2,-,b,c,a,2,d,b,e,f,9,3,2,d
_,x,s,r,f,|,0,f,e,7,8,6,c,d,-,3,6,9,3,-,4,b,2,e,-,a,a,8,2,-,b,c,a,2,d,b,e,f,9,3,2,d
_,_,c,f,_,b,m
O,p,t,a,n,o,n,A,l,e,r,t,B,o,x,C,l,o,s,e,d
O,p,t,a,n,o,n,C,o,n,s,e,n,t
V,I,S,I,T,O,R,_,B,E,A,C,O,N
L,i,t,h,i,u,m,V,i,s,i,t,o,r
A,W,S,A,L,B
A,W,S,A,L,B,C,O,R,S
O,p,t,a,n,o,n,C,o,n,s,e,n,t
f,l,y,_,g,e,o
f,l,y,_,d,e,v,i,c,e
_,B,B,.,d
A,W,S,A,L,B
A,W,S,A,L,B,C,O,R,S
O,p,t,a,n,o,n,C,o,n,s,e,n,t
O,p,t,a,n,o,n,A,l,e,r,t,B,o,x,C,l,o,s,e,d
O,p,t,a,n,o,n,C,o,n,s,e,n,t
_,a,b,c,k
_,_,c,f,_,b,m
p,r,o,v
p,o,s,t,p,a,g,e,b,e,t,a
i,s,_,a,u,t,h,e,d
i,s,_,e,m,e,r,a,l,d
r,t,i,s,C,a,l,l,e,d
a,m,p,_,f,1,f,c,2,a
_,l,r,_,e,n,v
m,_,s,e,c,t,i,o,n
m,_,s,o,r,t
a,n,a,_,c,l,i,e,n,t,_,s,e,s,s,i,o,n,_,i,d
s,_,f,i,d
g,p,v,_,p,n
s,_,i,p,s
s,_,t,p
s,_,t,s,l,v
R,o,u,t,i,n,g,K,e,y,C,o,o,k,i,e
C,O,M,P,A,S,S
C,o,o,k,i,e,C,o,n,s,e,n,t,P,o,l,i,c,y
L,S,K,e,y,-,c,$,C,o,o,k,i,e,C,o,n,s,e,n,t,P,o,l,i,c,y
a,k,_,b,m,s,c
B,r,o,w,s,e,r,I,d
B,r,o,w,s,e,r,I,d,_,s,e,c
s,f,d,c,-,s,t,r,e,a,m
p,c,t,r,k
C,o,o,k,i,e,C,o,n,s,e,n,t,P,o,l,i,c,y
L,S,K,e,y,-,c,$,C,o,o,k,i,e,C,o,n,s,e,n,t,P,o,l,i,c,y
c,o,m,.,s,a,l,e,s,f,o,r,c,e,.,L,o,c,a,l,e,I,n,f,o
o,i,n,f,o
a,u,t,o,c,o,m,p,l,e,t,e
o,i,d
o,r,i,g,i,n,a,l,_,r,e,q,_,u,r,l
C,F,_,C,L,I,C,K,_,T,O,K,E,N
C,F,_,T,r,k,_,S
C,F,_,T,r,k,_,S,1
l,o,c,a,t,i,o,n,L,o,n
l,o,c,a,t,i,o,n,L,a,t
l,o,c,a,t,i,o,n,Z,i,p
l,o,c,a,t,i,o,n,A,d,d,r,e,s,s
c,l,i,c,k,t,o,k,e,n,r,a,w
s,1,_,c,l,i,c,k,-,t,o,k,e,n,-,c,o,m,b,i,n,e,d
h,a,s,S,e,e,n,M,o,d,a,l
q,u,e,r,y,S,t,r,i,n,g
_,_,c,f,_,b,m
_,_,c,f,_,b,m
_,_,c,f,_,b,m
A,M,C,V,_,5,E,C,3,3,E,E,F,5,3,E,B,8,0,8,2,0,A,4,9,0,D,4,4,%,4,0,A,d,o,b,e,O,r,g
f,r,o,n,t,i,e,r,S,i,t,e,D,e,t,a,i,l,P,r,e,d,i,c,t,i,v,e
c,l,i,e,n,t,S,i,d,e,T,r,a,c,k,i,n,g,I,d,s
s,_,v,8
O,p,t,a,n,o,n,C,o,n,s,e,n,t
a,p,i,V,e,r,s,i,o,n
m,b,o,x
A,M,C,V,_,5,E,C,3,3,E,E,F,5,3,E,B,8,0,8,2,0,A,4,9,0,D,4,4,%,4,0,A,d,o,b,e,O,r,g
i,x,p
U,U,I,D
a,k,_,b,m,s,c
b,m,_,s,z
A,M,C,V,_,5,5,6,3,3,F,7,A,5,3,4,5,3,5,1,1,0,A,4,9,0,D,4,4,%,4,0,A,d,o,b,e,O,r,g
m,b,o,x
a,t,t,p,c,-,o,p,t
c,u,s,t,_,t,y,p,e
b,r,o,w,s,e,r,i,d
s,v,a,r,i,a,n,t,s
C,h,a,t,A,B
A,K,A,_,A,2
i,n,q,S,t,a,t,e,_,1,0,0,0,4,1,1,9
c,o,b,r,o,w,s,e,_,1,0,0,0,4,1,1,9
i,n,q,S,e,s,s,i,o,n,_,1,0,0,0,4,1,1,9
i,n,q,V,i,t,a,l,_,1,0,0,0,4,1,1,9
b,m,_,s,v
_,a,b,c,k
m,a,g,T,a,b,I,d
_,_,c,f,_,b,m
s,t,n,e,t,s,i,d
s,t,4,-,s,i,d
_,g,i,d
_,g,a,t,_,U,A,-,3,8,9,4,8,2,-,1
_,g,a
F,P,L,C
_,g,a,_,Z,3,H,6,M,3,W,Q,9,6
F,P,I,D
_,_,c,f,_,b,m
_,_,c,f,_,b,m
v,2,_,c,l,e,a,r,l,i,n,k,_,r,e,v,i,e,w,s
b,m,_,s,v
_,_,s,e,s,s,i,o,n
_,_,c,u,i,d
a,m,p,_,f,e,f,1,e,8
b,v
c,n
_,_,c,f,_,b,m
a,n,o,n,y,m,o,u,s,b,a,n,n,e,r
b,o,x,_,v,i,s,i,t,o,r,_,i,d
T,A,s,e,s,s,i,o,n,I,D
T,A,c,o,n,s,e,n,t,I,D
n,o,t,i,c,e,_,g,d,p,r,_,p,r,e,f,s
c,m,a,p,i,_,c,o,o,k,i,e,_,p,r,i,v,a,c,y
c,m,a,p,i,_,g,t,m,_,b,l
n,o,t,i,c,e,_,p,r,e,f,e,r,e,n,c,e,s
s,i,d,|,0,0,7,d,a,f,e,e,-,d,f,3,0,-,4,9,6,1,-,a,b,2,a,-,2,c,c,a,3,f,6,6,a,e,b,0
_,x,s,r,f,|,0,0,7,d,a,f,e,e,-,d,f,3,0,-,4,9,6,1,-,a,b,2,a,-,2,c,c,a,3,f,6,6,a,e,b,0
R,o,u,t,i,n,g,K,e,y,C,o,o,k,i,e
_,_,c,f,_,b,m
s,e,s,s,i,o,n,-,t,o,k,e,n
k,e,e,p,_,a,l,i,v,e
l,o,c,a,l,i,z,a,t,i,o,n
_,c,m,p,_,a
_,o,r,i,g,_,r,e,f,e,r,r,e,r
_,l,a,n,d,i,n,g,_,p,a,g,e
_,_,v,_,a,n,l,_,_,u,_,_
_,s,h,o,p,i,f,y,_,s,a,_,t
_,s,h,o,p,i,f,y,_,s,a,_,p
s,h,o,p,i,f,y,_,p,a,y,_,r,e,d,i,r,e,c,t
s,e,c,u,r,e,_,c,u,s,t,o,m,e,r,_,s,i,g
c,a,r,t,_,c,u,r,r,e,n,c,y
_,y
_,s
_,s,h,o,p,i,f,y,_,y
_,s,h,o,p,i,f,y,_,s
d,w,a,n,o,n,y,m,o,u,s,_,b,4,6,d,1,9,0,7,8,1,e,f,7,7,b,b,6,6,f,a,a,c,8,7,f,0,6,d,5,2,c,0
A,K,A,_,A,2
h,i,d,e,E,m,a,i,l
i,5,2,m,r,h,h,Z
_,i,m,p,_,a,p,g,_,r,_
_,_,c,f,_,b,m
o,p,t,i,m,i,z,e,l,y,E,n,d,U,s,e,r,I,d
S,U,P,P,O,R,T,_,C,O,N,T,E,N,T
_,o,r,i,g,_,r,e,f,e,r,r,e,r
_,l,a,n,d,i,n,g,_,p,a,g,e
s,t,_,b,r,i,d
p,o,p,u,p
_,_,z,l,c,m,i,d
N,I,D
g,r,a,u,t,h
c,s,r,f,-,t,o,k,e,n
c,s,d,-,k,e,y
S,a,m,e,S,i,t,e
u,s,p,r,i,v,a,c,y
h,_,i,d
d,n,s,D,i,s,p,l,a,y,e,d
c,c,p,a,A,p,p,l,i,e,s
s,i,g,n,e,d,L,s,p,a
c,c,p,a,R,e,j,e,c,t
c,c,p,a,C,o,n,s,e,n,t,A,l,l
_,s,p,_,s,u
_,_,c,f,_,b,m
c,o,n,s,e,n,t,U,U,I,D
u,s,p,.,2,3,_,2,6,_,2,9,_,3,3
u,s,p,.,2,2
u,s,p,.,9
u,s,p,.,2,4
u,s,p,.,1,4
u,s,p,.,5
u,s,p,.,3,6
u,s,p,.,4,5
u,s,p,.,3,2
u,s,p,.,2
u,s,p,.,4,2
u,s,p,.,4,6
u,s,p,.,1,9
u,s,p,.,5,7
u,s,p,.,5,9
u,s,p,.,6,1
u,s,p,.,4,8
u,s,p,.,6,2
u,s,p,.,6,4
u,s,p,.,6,5
i,d,g,-,l,a,n,g,u,a,g,e
i,d,g,-,e,d,i,t,i,o,n
v,i,p,-,g,o,-,s,e,g
_,s,p,_,s,u
h,l
l,a,n,g,u,a,g,e
l,a,n,g,u,a,g,e
c,o,o,k,i,e,-,c,o,n,s,e,n,t
_,s,p,_,v,1,_,s,s
_,s,p,_,v,1,_,p
_,s,p,_,v,1,_,d,a,t,a
x,c,j
l,o,c,a,t,i,o,n
b,s,i
O,p,t,a,n,o,n,C,o,n,s,e,n,t
l,o,g,g,e,d,_,i,n
d,o,t,c,o,m,_,u,s,e,r
g,d,l,_,u,g,i,_,v,4
d,i,d
d,i,d,_,c,o,m,p,a,t
_,l,e,g,a,c,y,_,a,u,t,h,0,.,D,R,i,v,s,n,m,2,M,u,4,2,T,3,K,O,p,q,d,t,w,B,3,N,Y,v,i,H,Y,z,w,D,.,i,s,.,a,u,t,h,e,n,t,i,c,a,t,e,d
a,u,t,h,0,.,D,R,i,v,s,n,m,2,M,u,4,2,T,3,K,O,p,q,d,t,w,B,3,N,Y,v,i,H,Y,z,w,D,.,i,s,.,a,u,t,h,e,n,t,i,c,a,t,e,d
m
_,_,s,t,r,i,p,e,_,s,i,d
_,_,s,t,r,i,p,e,_,m,i,d
_,_,a,d,b,l,o,c,k,e,r
_,l,s,c,a,c,h,e,_,v,a,r,y
_,g,u
_,_,a,d,b,l,o,c,k,e,r
_,g,w
n,o,t,i,c,e,-,a,a,p
C,O,M,P,A,S,S
C,O,M,P,A,S,S
O,S,I,D
_,_,S,e,c,u,r,e,-,O,S,I,D
C,O,M,P,A,S,S
V
e,x,p
e,x,p,k,e,y
h,w,h,_,o,r,d,e,r,_,r,e,f
s,b,m,_,a,_,b,_,t,e,s,t
s,b,m,_,c,o,u,n,t,r,y
C,V,I,D
C,S,I,D
u,s,p,r,i,v,a,c,y
s,c,h,o,o,l,a,p,i
f,o,r,t,e,r,T,o,k,e,n
f,t,r,_,b,l,s,t,_,1,h
O,p,t,a,n,o,n,C,o,n,s,e,n,t
a,k,_,b,m,s,c
M,S,F,P,C
.,A,s,p,N,e,t,C,o,r,e,.,O,p,e,n,I,d,C,o,n,n,e,c,t,.,N,o,n,c,e,.,C,f,D,J,8,E,5,9,c,f,Q,u,q,q,1,B,g,Z,U,8,-,n,h,N,x,G,t,w,c,g,4,j,C,1,H,B,v,V,z,u,z,t,t,_,B,7,m,W,d,k,a,R,-,2,z,C,j,O,8,-,q,K,b,Y,K,m,I,-,O,W,f,H,l,v,Y,p,S,c,g,Y,k,I,M,a,N,G,0,y,L,Z,a,R,H,O,J,a,t,t,T,o,b,9,G,_,M,1,N,-,k,G,n,T,a,k,L,s,W,Z,1,3,5,S,R,G,q,Z,8,X,U,O,9,y,Q,S,T,e,D,G,Y,E,B,W,L,y,q,n,t,S,Y,o,_,o,w,8,k,g,o,a,K,_,v,e,D,Z,G,-,q,R,H,c,R,V,_,H,N,4,a,9,t,v,6,d,B,x,y,3,W,I,P,K,W,9,V,R,v,J,9,_,V,J,N,6,M,1,K,l,g,H,W,t,6,U,D,f,a,4,n,C,G,K,R,X,c,C,c,X,a,V,r,f,f,K,n,8,z,U,C,7,i,o,M,W,g,Q,M,G,3,g,X,r,I,y,q,i,U,5,I,1,Z,T,c,l,p,7,W,d,e,M,e,M,p,c,O,I,Q,t,X,i,H,Z,1,g,A
.,A,s,p,N,e,t,C,o,r,e,.,C,o,r,r,e,l,a,t,i,o,n,.,P,U,J,x,k,T,k,2,A,z,s,D,3,i,8,s,2,R,q,K,k,o,A,9,I,l,t,E,N,X,z,7,s,y,k,3,O,E,L,1,U,F,k
M,S,C,C
M,C,1
M,S,0
M,S,F,P,C
C,a,s,c,a,d,e,.,O,p,e,n,I,d,C,o,n,n,e,c,t
A,M,C,S,e,c,A,u,t,h,J,W,T
a,u,t,h,B,o,u,n,c,e,d
O,c,R,P,S,A,u,t,h
M,S,F,P,C
.,A,s,p,N,e,t,C,o,r,e,.,A,u,t,h,P,r,o,v,i,d,e,r
M,S,F,P,C
b,r,c,a,p
w,l,i,d,p,e,r,f
M,i,c,r,o,s,o,f,t,A,p,p,l,i,c,a,t,i,o,n,s,T,e,l,e,m,e,t,r,y,D,e,v,i,c,e,I,d
a,i,_,s,e,s,s,i,o,n
A,M,C,-,M,S,-,C,V
M,i,c,r,o,s,o,f,t,A,p,p,l,i,c,a,t,i,o,n,s,T,e,l,e,m,e,t,r,y,D,e,v,i,c,e,I,d
a,i,_,s,e,s,s,i,o,n
S,D,I,D,C
o,m,k,t
E,X,P,I,D
b,m,_,s,v
M,i,c,r,o,s,o,f,t,A,p,p,l,i,c,a,t,i,o,n,s,T,e,l,e,m,e,t,r,y,D,e,v,i,c,e,I,d
t,o,k,e,n,_,v,2
w,w,r,b,u,c,k,e,t
w,w,r,b,u,c,k,e,t
w,w,r,b,u,c,k,e,t
w,w,r,b,u,c,k,e,t
w,w,r,b,u,c,k,e,t
a,k,_,b,m,s,c
b,m,_,s,v
_,_,c,f,_,b,m
_,_,a,d,b,l,o,c,k,e,r
s,l,i,c,k,-,r,e,a,d,e,r,-,i,d
a,i,_,s,e,s,s,i,o,n
c,u,r,r,e,n,c,y,C,o,d,e
i,n,t,e,r,c,o,m,-,s,e,s,s,i,o,n,-,j,5,b,q,y,m,5,d
i,n,t,e,r,c,o,m,-,i,d,-,j,5,b,q,y,m,5,d
i,n,t,e,r,c,o,m,-,d,e,v,i,c,e,-,i,d,-,j,5,b,q,y,m,5,d
_,_,S,P,3,3,K
E,P,i,S,e,r,v,e,r,_,C,o,m,m,e,r,c,e,_,A,n,o,n,y,m,o,u,s,I,d
C,O,N,S,E,N,T,M,G,R
u,t,a,g,_,m,a,i,n
M,A,X,I,F,Y,_,T,O,K,E,N,_,2
S,Y,S,T,E,M,_,I,M,P,A,C,T,_,I,D
S,Y,S,T,E,M,_,I,M,P,A,C,T,_,E,M,A,I,L
S,_,C,A,R,T,_,I,D,_,U,S
S,Y,S,T,E,M,_,G,E,O,I,P
C,o,o,k,i,e,C,o,n,t,r,o,l
S,Y,S,T,E,M,_,A,M,P,_,D,E,V,_,I,D
N,E,X,T,_,L,O,C,A,L,E
A,M,P,_,a,a,2,8,b,0,a,3,c,0
c,f,_,c,l,e,a,r,a,n,c,e
_,s,p,_,s,e,s,.,e,3,4,d
_,s,p,_,i,d,.,e,3,4,d
M,i,c,r,o,s,o,f,t,A,p,p,l,i,c,a,t,i,o,n,s,T,e,l,e,m,e,t,r,y,D,e,v,i,c,e,I,d
a,i,_,s,e,s,s,i,o,n
M,i,c,r,o,s,o,f,t,A,p,p,l,i,c,a,t,i,o,n,s,T,e,l,e,m,e,t,r,y,D,e,v,i,c,e,I,d
a,i,_,s,e,s,s,i,o,n
M,S,0
t,h,a,m,b,a
m,s,d,3,6,5,m,k,t,t,r
s,f,-,d,a,t,a,-,i,n,t,e,l,l,-,s,u,b,j,e,c,t
O,p,t,a,n,o,n,A,l,e,r,t,B,o,x,C,l,o,s,e,d
s,i,t,e,u,p,d,a,t,e,_,p,o,p,u,p
O,p,t,a,n,o,n,C,o,n,s,e,n,t
_,_,a,d,b,l,o,c,k,e,r
c,s,r,f,t,o,k,e,n
c,f,_,c,l,e,a,r,a,n,c,e
O,p,e,n,I,d,C,o,n,n,e,c,t,.,n,o,n,c,e,.,v,3,.,W,K,s,b,E,G,7,8,c,Z,H,k,3,L,7,5,p,3,u,x,P,V,n,X,E,D,Q,5,T,D,5,u,g,D,Z,e,T,N,p,W,I,D,4
p,o,p,u,p
A,K,A,_,A,2
b,a,d,a,b
b,m,_,s,z
b,a,q,e,n,d,-,s,p,e,e,d,k,i,t,-,c,o,n,f,i,g
b,a,q,e,n,d,-,s,p,e,e,d,k,i,t,-,u,s,e,r,-,i,d
n,o,t,i,c,e,_,p,r,e,f,e,r,e,n,c,e,s
u,t,a,g,_,m,a,i,n
a,b,_,q,m
n,e,w,s,l,e,t,t,e,r,S,h,o,w,n,O,n,V,i,s,i,t
d,w,a,n,o,n,y,m,o,u,s,_,e,2,3,3,2,5,c,d,e,d,f,4,4,6,c,9,a,4,1,9,1,5,3,4,3,e,6,0,1,c,d,e
_,a,b,c,k
U,s,e,r,S,i,g,n,U,p,A,n,d,S,a,v,e
a,k,_,b,m,s,c
g,e,o,_,c,o,o,r,d,i,n,a,t,e,s
h,a,c,|,D,U,L,4,V,H,U,6,K,S,P,2,X,5,D,V,R,X,D,U,|,D,A,6,M,7,Q,7,U,O,P,Q,3,Z,M,7,Q,L,X,2,M
f,s,c,|,D,U,L,4,V,H,U,6,K,S,P,2,X,5,D,V,R,X,D,U
_,o,r,i,g,_,r,e,f,e,r,r,e,r
_,l,a,n,d,i,n,g,_,p,a,g,e
O,p,t,I,n,H
A,W,S,A,L,B
A,W,S,A,L,B,C,O,R,S
.,A,s,p,N,e,t,C,o,r,e,.,C,o,o,k,i,e,s
c,u,r,r,e,n,c,y
s,h,o,p,i,f,y,_,p,a,y,_,r,e,d,i,r,e,c,t
l,o,c,a,l,i,z,a,t,i,o,n
p,o,p,u,p
_,s,h,o,p,i,f,y,_,s,a,_,t
_,s,h,o,p,i,f,y,_,s,a,_,p
c,a,r,t
c,a,r,t,_,t,s
c,a,r,t,_,s,i,g
k,e,e,p,_,a,l,i,v,e
s,e,c,u,r,e,_,c,u,s,t,o,m,e,r,_,s,i,g
c,a,r,t,_,c,u,r,r,e,n,c,y
_,c,m,p,_,a
_,y
_,s
_,s,h,o,p,i,f,y,_,y
_,s,h,o,p,i,f,y,_,s
l,i,_,g,p,c
A,n,a,l,y,t,i,c,s,S,y,n,c,H,i,s,t,o,r,y
l,m,s,_,a,d,s
l,m,s,_,a,n,a,l,y,t,i,c,s
a,w,s,c,c,c
a,w,s,d,2,c,-,t,o,k,e,n,-,c
A,M,C,V,_,7,7,4,2,0,3,7,2,5,4,C,9,5,E,8,4,0,A,4,C,9,8,A,6,%,4,0,A,d,o,b,e,O,r,g
e,x,p,e,r,i,m,e,n,t,_,o,v,e,r,r,i,d,e,s
p,e,r,s,i,s,t,e,n,t
s,u,d,o
b,i,t,s,_,s,u,d,o
n,a,m,e
l,a,s,t,_,l,o,g,i,n
a,p,i,_,t,o,k,e,n
u,n,i,q,u,e,_,i,d
u,n,i,q,u,e,_,i,d,_,d,u,r,a,b,l,e
g,a,_,_,1,2,_,a,b,e,l,-,s,s,n
g,a,_,_,1,2,_,a,b,e,l
K,P,_,U,I,D,z,-,s,s,n
K,P,_,U,I,D,z
t,w,i,l,i,g,h,t,-,u,s,e,r
a,u,t,h,-,t,o,k,e,n
l,o,g,i,n
t,i,m,e,z,o,n,e
l,i,_,t,h,e,m,e
l,i,_,t,h,e,m,e,_,s,e,t
U,s,e,r,M,a,t,c,h,H,i,s,t,o,r,y
l,i,_,s,u,g,r
l,i,d,c
P,S,_,D,E,V,I,C,E,F,E,A,T,U,R,E,S
A,W,S,A,L,B
A,W,S,A,L,B,C,O,R,S
l,i,_,a,t
l,i,a,p
J,S,E,S,S,I,O,N,I,D
t,w,i,t,c,h,.,l,o,h,p,.,c,o,u,n,t,r,y,C,o,d,e
b,c,o,o,k,i,e
b,s,c,o,o,k,i,e
_,o,r,i,g,_,r,e,f,e,r,r,e,r
_,l,a,n,d,i,n,g,_,p,a,g,e
S,T,-,1,u,d,2,n,k,6
S,T,-,w,0,y,1,v,a
S,T,-,1,q,s,k,t,t,v
S,T,-,7,6,2,q,m,m
S,T,-,1,e,w,y,k,u,s
S,T,-,6,g,6,a,5,a
S,T,-,1,9,u,s,i,g,t
S,T,-,1,h,i,l,0,6,g
S,T,-,1,n,n,a,u,1,k
S,T,-,z,6,g,t,1,b
S,T,-,1,x,3,a,n,p,1
S,T,-,1,9,2,h,b,y,q
S,T,-,c,6,9,1,i,h
S,T,-,1,o,j,i,q,x,c
S,T,-,1,k,l,5,9,s,k
S,T,-,t,s,f,y,1,h
S,T,-,v,7,o,8,4,q
S,T,-,1,o,8,5,8,8,f
S,T,-,l,t,q,f,w,l
S,T,-,q,q,j,k,d,4
S,T,-,i,p,7,0,b,q
S,T,-,1,u,v,g,g,6,n
S,T,-,h,c,4,q,u,p
S,T,-,6,p,h,7,y,7
S,T,-,1,3,3,n,u,4,e
S,T,-,9,6,s,t,t,6
S,T,-,3,o,z,a,b,g
S,T,-,1,y,p,r,j,o,i
S,T,-,z,a,9,v,i,g
S,T,-,1,6,z,2,l,m,c
S,T,-,1,5,b,l,s,t,o
S,T,-,m,1,t,5,1,q
S,T,-,b,j,a,l,j,o
S,T,-,1,p,z,9,2,1
S,T,-,1,g,2,t,9,6,d
S,T,-,1,e,j,n,v,8,g
S,T,-,1,7,v,0,y,w,i
S,T,-,1,0,7,4,i,a,i
S,T,-,g,e,f,1,v,4
S,T,-,1,f,e,y,5,g,z
S,T,-,1,c,5,z,z,b,n
S,T,-,1,t,s,2,p,9,e
S,T,-,u,9,9,y,x,z
S,T,-,1,f,r,8,4,2,y
S,T,-,2,n,6,o,u,j
S,T,-,1,n,0,2,l,e,x
S,T,-,b,o,k,f,i,z
S,T,-,1,u,o,d,g,1,5
S,T,-,1,n,n,c,e,s,c
S,T,-,z,2,p,u,x,z
S,T,-,1,6,e,q,6,2,c
S,T,-,f,q,k,x,v,y
S,T,-,1,n,q,g,h,m,9
S,T,-,1,f,q,g,v,m,p
S,T,-,3,s,w,z,n,z
S,T,-,z,6,4,1,4,9
S,T,-,v,s,j,o,m,0
S,T,-,7,z,m,y,q,a
S,T,-,1,j,0,o,e,6,o
S,T,-,h,8,x,8,z,a
S,T,-,1,g,q,o,h,b,9
S,T,-,w,e,a,8,5,0
S,T,-,o,k,y,x,b,9
S,T,-,1,0,z,l,b,e,p
S,T,-,1,u,g,y,h,n,f
S,T,-,1,a,o,a,q,2,3
S,T,-,1,f,t,9,j,m,l
S,T,-,s,g,r,l,z,v
S,T,-,1,6,d,x,2,4,i
S,T,-,1,q,y,u,m,l,y
S,T,-,1,8,v,y,o,c,b
S,T,-,1,f,0,i,s,o,a
S,T,-,1,4,x,x,4,u,b
C,O,M,P,A,S,S
u,u,i,d
d,i,d
d,i,d,_,c,o,m,p,a,t
c,r,v
s,e,a,r,c,h,_,u,u,i,d
d,a,t,a,d,o,m,e
z,i,p
c,f,x,_,s,e,a,r,c,h,_,p,a,r,a,m,s
g,p,v,_,p,1,7
g,p,v,_,v,1,5,1
A,M,C,V,_,A,A,C,6,3,B,C,7,5,2,4,5,B,4,7,C,0,A,4,9,0,D,4,D,%,4,0,A,d,o,b,e,O,r,g
O,p,t,a,n,o,n,C,o,n,s,e,n,t
c,f,_,c,l,e,a,r,a,n,c,e
e,z,o,a,b,_,9,3,6,0,5
e,z,o,a,d,g,i,d,_,9,3,6,0,5
e,z,o,r,e,f,_,9,3,6,0,5
e,z,o,s,u,i,b,a,s,g,e,n,e,r,i,s,-,1
a,c,t,i,v,e,_,t,e,m,p,l,a,t,e,:,:,9,3,6,0,5
e,z,o,p,v,c,_,9,3,6,0,5
e,z,e,p,v,v
l,p,_,9,3,6,0,5
e,z,o,v,u,u,i,d,t,i,m,e,_,9,3,6,0,5
e,z,o,v,u,u,i,d,_,9,3,6,0,5
e,z,d,s
e,z,o,h,w
_,_,c,f,_,b,m
S,T,-,1,r,j,j,f,w,2
S,T,-,j,h,l,h,d,u
S,T,-,o,m,c,c,l,w
S,T,-,u,d,f,k,n,n
S,T,-,1,1,d,5,8,o,n
S,T,-,c,2,m,v,5,j
S,T,-,9,7,3,2,m,f
S,T,-,1,0,t,4,5,6,6
S,T,-,8,u,z,9,b,c
G,O,O,G,L,E,_,A,B,U,S,E,_,E,X,E,M,P,T,I,O,N
S,T,-,1,0,l,l,p,j,1
S,T,-,h,v,1,k,6,i
S,T,-,1,0,7,4,w,n,g
S,T,-,p,v,p,z,i,3
S,T,-,1,m,i,2,k,g
S,T,-,h,w,h,2,q,u
S,T,-,t,u,z,b,r,8
S,T,-,1,v,u,q,m,z,j
S,T,-,e,g,e,e,i,t
S,T,-,1,7,6,4,r,h,u
S,T,-,n,1,p,t,h,s
S,T,-,z,y,e,e,c,y
S,T,-,k,c,a,z,h,z
S,T,-,b,0,l,8,9,b
S,T,-,t,w,q,y,n,b
S,T,-,1,8,5,v,x,k,7
S,T,-,1,1,c,m,x,d,8
S,T,-,5,l,c,6,r,r
S,T,-,9,b,n,v,f,6
S,T,-,1,5,p,x,p,7,k
S,T,-,1,g,3,b,l,7,s
S,T,-,1,h,5,t,r,s,6
S,T,-,1,w,x,i,f,q,m
S,T,-,1,9,7,r,q,m,u
S,T,-,1,u,u,u,5,2,l
S,T,-,9,8,l,1,f,4
S,T,-,w,l,i,i,x,h
S,T,-,1,p,m,5,i,j,w
S,T,-,1,5,2,e,x,u,7
S,T,-,1,w,8,8,s,n,a
S,T,-,8,t,f,u,d,v
S,T,-,1,5,1,x,l,p,f
S,T,-,1,4,w,r,l,0,w
S,T,-,1,s,5,o,9,m,6
S,T,-,1,e,u,4,l,q,6
S,T,-,1,p,g,3,d,k,z
S,T,-,1,p,t,n,r,q,n
s,h,o,p,i,f,y,_,p,a,y,_,r,e,d,i,r,e,c,t
l,o,c,a,l,i,z,a,t,i,o,n
_,c,m,p,_,a
_,s,h,o,p,i,f,y,_,s,a,_,t
_,s,h,o,p,i,f,y,_,s,a,_,p
n,f,2,6,2,3,7,_,c,u,s,t,o,m,e,r,_,c,o,d,e
n,f,_,d,e,v,i,c,e
_,p,i,n,_,u,n,a,u,t,h
_,p,s,_,s,e,s,s,i,o,n
s,e,c,u,r,e,_,c,u,s,t,o,m,e,r,_,s,i,g
c,a,r,t,_,c,u,r,r,e,n,c,y
_,y
_,s
_,s,h,o,p,i,f,y,_,y
_,s,h,o,p,i,f,y,_,s
c,o,o,k,i,e,c,o,n,s,e,n,t,_,p,r,e,f,e,r,e,n,c,e,s,_,d,i,s,a,b,l,e,d
k,e,e,p,_,a,l,i,v,e
O,T,H
T
F
P,H
Y
F,S
G,U,C,S
G,U,C
C,O,M,P,A,S,S
_,s,h,o,p,i,f,y,_,s,a,_,t
_,s,h,o,p,i,f,y,_,s,a,_,p
s,e,c,u,r,e,_,c,u,s,t,o,m,e,r,_,s,i,g
l,o,c,a,l,i,z,a,t,i,o,n
_,c,m,p,_,a
_,y
_,s
_,s,h,o,p,i,f,y,_,y
_,s,h,o,p,i,f,y,_,s
k,e,e,p,_,a,l,i,v,e
h,u,b,_,t,o,k,e,n
c,r,i,s,p,-,c,l,i,e,n,t,%,2,F,s,e,s,s,i,o,n,%,2,F,8,d,b,4,e,1,1,7,-,6,1,a,7,-,4,c,b,9,-,9,c,1,3,-,7,4,8,2,1,d,4,7,1,a,3,b
_,_,s,t,r,i,p,e,_,s,i,d
_,_,s,t,r,i,p,e,_,m,i,d
a,b,i,d
u,b,i,d,-,m,a,i,n
s,e,s,s,i,o,n,-,i,d,-,t,i,m,e
s,e,s,s,i,o,n,-,i,d
A,1
A,3
g,p,p
g,p,p,_,s,i,d
c,m,p
u,c,s
Y,M,.,S,S,R,B,D,G,T
Y,M,.,C,L,I,E,N,T,.,P,A,R,A,M,S
Y,M,.,T,Z
S,T,-,1,5,f,0,1,r,d
S,T,-,1,y,3,p,p,a,y
M,O,I,N,_,S,E,S,S,I,O,N,_,4,4,3,_,R,O,O,T,_,c,o,m,m,u,n,i,t,y
i,n,s,t,-,f,s,-,s,e,s,s,i,o,n
i,n,s,t,-,f,s,-,s,e,s,s,i,o,n,.,s,i,g
C,O,N,S,I,S,T,E,N,C,Y
S,T,-,x,j,o,8,0,y
S,T,-,5,w,v,v,r,b
S,T,-,x,p,o,i,j,q
S,T,-,1,b,c,6,t,3
_,_,c,f,_,b,m
_,_,c,f,_,b,m
O,p,t,a,n,o,n,A,l,e,r,t,B,o,x,C,l,o,s,e,d
O,p,t,a,n,o,n,C,o,n,s,e,n,t
u,b,u,n,t,u,u,s,e,r
p,r,o,v
_,_,c,f,_,b,m
_,_,c,f,_,b,m
a,j,s,_,a,n,o,n,y,m,o,u,s,_,i,d
f,i,r,s,t,_,l,a,n,d,i,n,g,_,p,a,g,e
r,e,f,e,r,r,e,r
l,a,s,t,_,l,a,n,d,i,n,g,_,p,a,g,e
l,a,s,t,_,l,a,n,d,i,n,g,_,p,a,g,e,_,t,i,m,e,s,t,a,m,p
S,T,-,o,m,r,g,c,w
S,T,-,q,e,7,x,r,t
_,o,r,i,g,_,r,e,f,e,r,r,e,r
_,l,a,n,d,i,n,g,_,p,a,g,e
l,o,c,a,l,i,z,a,t,i,o,n
t,h,a,l,i,a,c,u,s,t,o,m,e,r,c,o,u,n,t,r,y
s,h,o,p,i,f,y,_,p,a,y,_,r,e,d,i,r,e,c,t
s,c,a,a,f,_,a,i,d
s,c,a,a,f,_,c,_,c
t,r,u,s,t,e,d,s,i,t,e,_,v,i,s,i,t
A,W,S,A,L,B
A,W,S,A,L,B,C,O,R,S
s,c,a,a,f,_,t,i,d
s,c,a,a,f,_,e,p
s,c,a,a,f,_,a,f,n
s,c,a,a,f,_,a,f,c
s,c,a,a,f,_,a,f,f,n
s,c,a,a,f,_,p,d
_,s,h,o,p,i,f,y,_,s,a,_,t
_,s,h,o,p,i,f,y,_,s,a,_,p
s,e,s,s,i,o,n,-,t,o,k,e,n
k,e,e,p,_,a,l,i,v,e
s,e,c,u,r,e,_,c,u,s,t,o,m,e,r,_,s,i,g
c,a,r,t,_,c,u,r,r,e,n,c,y
_,c,m,p,_,a
_,y
_,s
_,s,h,o,p,i,f,y,_,y
_,s,h,o,p,i,f,y,_,s
S,T,-,n,6,o,h,y,k
u,s,p,r,i,v,a,c,y
h,_,i,d
c,o,n,s,e,n,t,U,U,I,D
u,s,p,.,2,3,_,2,6,_,2,9,_,3,3
u,s,p,.,2,2
u,s,p,.,9
u,s,p,.,2,4
u,s,p,.,1,4
u,s,p,.,5
u,s,p,.,3,6
u,s,p,.,4,5
u,s,p,.,3,2
u,s,p,.,2
u,s,p,.,4,2
u,s,p,.,4,6
u,s,p,.,1,9
u,s,p,.,5,7
u,s,p,.,5,9
u,s,p,.,6,1
u,s,p,.,4,8
u,s,p,.,6,2
u,s,p,.,6,4
u,s,p,.,6,5
F,T,R,_,E,x,i,t,_,I,n,t,e,n,t,_,D,i,s,p,l,a,y
c,s,m,-,h,i,t
S,T,-,q,l,9,4,t,v
S,T,-,1,4,s,k,7,w,x
S,T,-,1,s,v,h,h,9,p
a,k,_,b,m,s,c
z,f,u,T,b,7,a,P
b,X,l,2,d,W,R,1,L,n,J,l,Z,m,V,y,c,m,l,u,Z,0,R,v,b,W,F,p,b,g,%,3,D,%,3,D
u,s,p,r,i,v,a,c,y
s,_,n,r
A,M,C,V,_,B,9,A,F,1,C,F,E,5,3,3,0,9,C,7,0,0,A,4,9,0,D,4,5,%,4,0,A,d,o,b,e,O,r,g
p,r,o,d,u,c,t,n,u,m
m,b,o,x
O,p,t,a,n,o,n,C,o,n,s,e,n,t
s,e,s,s,i,o,n,-,i,d
s,e,s,s,i,o,n,-,i,d,-,t,i,m,e
a,d,-,o,o
u,b,i,d,-,m,a,i,n
c,s,m,-,h,i,t
g,p,c,-,c,a,c,h,e
v,s,e,x,p,_,p,c,t
a,s
X,-,O,W,A,-,R,e,d,i,r,e,c,t,H,i,s,t,o,r,y
O,p,e,n,I,d,C,o,n,n,e,c,t,.,t,o,k,e,n,.,v,1
S,u,i,t,e,S,e,r,v,i,c,e,P,r,o,x,y,K,e,y
_,_,S,e,c,u,r,e,-,d,b,x,_,c,o,n,s,e,n,t
t
_,_,H,o,s,t,-,j,s,_,c,s,r,f
_,_,H,o,s,t,-,s,s
l,o,c,a,l,e
l,a,s,t,_,a,c,t,i,v,e,_,r,o,l,e
l,a,s,t,_,a,c,t,i,v,e,_,l,i,n,k,e,d,_,u,s,e,r,_,i,d
_,_,S,e,c,u,r,e,-,d,b,x,_,d,o,_,n,o,t,_,s,e,l,l
F,L,I,P,P,E,R,_,I,D
m,d,L,o,g,g,e,r
k,a,m,p,y,l,e,U,s,e,r,S,e,s,s,i,o,n
k,a,m,p,y,l,e,U,s,e,r,S,e,s,s,i,o,n,s,C,o,u,n,t
k,a,m,p,y,l,e,S,e,s,s,i,o,n,P,a,g,e,C,o,u,n,t,e,r
k,a,m,p,y,l,e,U,s,e,r,P,e,r,c,e,n,t,i,l,e
T,S,0,1,f,2,7,c,6,7
T,S,0,1,4,8,d,b,7,c
O,T,Z
O,T,Z
D,e,f,a,u,l,t,A,n,c,h,o,r,M,a,i,l,b,o,x
_,_,H,o,s,t,-,G,A,P,S
S,I,D
_,_,S,e,c,u,r,e,-,1,P,S,I,D
_,_,S,e,c,u,r,e,-,3,P,S,I,D
L,S,I,D
_,_,H,o,s,t,-,1,P,L,S,I,D
_,_,H,o,s,t,-,3,P,L,S,I,D
H,S,I,D
S,S,I,D
A,P,I,S,I,D
S,A,P,I,S,I,D
_,_,S,e,c,u,r,e,-,1,P,A,P,I,S,I,D
_,_,S,e,c,u,r,e,-,3,P,A,P,I,S,I,D
O,S,I,D
_,_,S,e,c,u,r,e,-,O,S,I,D
S,I,D
_,_,S,e,c,u,r,e,-,1,P,S,I,D
_,_,S,e,c,u,r,e,-,3,P,S,I,D
H,S,I,D
S,S,I,D
A,P,I,S,I,D
S,A,P,I,S,I,D
_,_,S,e,c,u,r,e,-,1,P,A,P,I,S,I,D
_,_,S,e,c,u,r,e,-,3,P,A,P,I,S,I,D
_,_,c,f,_,b,m
E,U,I,D
i,d,_,a,b
_,_,c,f,_,b,m
_,_,c,f,_,b,m
_,_,c,f,l,b
_,_,c,f,_,b,m
_,_,c,f,_,b,m
c,f,_,c,l,e,a,r,a,n,c,e
_,_,c,f,_,b,m
s,_,p,e,r,s
A,M,C,V,_,4,D,6,3,6,8,F,4,5,4,E,C,4,1,9,4,0,A,4,C,9,8,A,6,%,4,0,A,d,o,b,e,O,r,g
M,S,C,C
m,b,o,x
T,M,o,g
g,l,o,b,a,l,T,I,_,S,I,D
M,i,n,t
p,c
C,O,M,P,A,S,S
b,u,r,s,t,_,u,i,d
C,O,M,P,A,S,S
v,i,e,w,s
G,_,E,N,A,B,L,E,D,_,I,D,P,S
_,_,S,e,c,u,r,e,-,1,P,S,I,D,T,S
_,_,S,e,c,u,r,e,-,3,P,S,I,D,T,S
C,O,M,P,A,S,S
M,i,c,r,o,s,o,f,t,A,p,p,l,i,c,a,t,i,o,n,s,T,e,l,e,m,e,t,r,y,D,e,v,i,c,e,I,d
M,i,c,r,o,s,o,f,t,A,p,p,l,i,c,a,t,i,o,n,s,T,e,l,e,m,e,t,r,y,F,i,r,s,t,L,a,u,n,c,h,T,i,m,e
M,S,0
M,S,F,P,C
f,p,c
E,S,T,S,A,U,T,H,P,E,R,S,I,S,T,E,N,T
b,u,i,d
C,C,S,t,a,t,e
C,O,M,P,A,S,S
S,I,D,C,C
_,_,S,e,c,u,r,e,-,1,P,S,I,D,C,C
_,_,S,e,c,u,r,e,-,3,P,S,I,D,C,C
l,a,s,t,_,k,n,o,w,n,_,c,a,n,v,a,s,_,h,o,s,t
i,n,s,t,-,f,s,-,s,e,s,s,i,o,n
i,n,s,t,-,f,s,-,s,e,s,s,i,o,n,.,s,i,g
_,_,c,f,_,b,m
A,W,S,A,L,B,T,G
A,W,S,A,L,B,T,G,C,O,R,S
_,z,m,_,s,v,n
s,h,i,b,b,o,l,e,t,h,.,f,u,l,l,e,r,t,o,n,.,e,d,u,_,c,o,o,k,i,e
_,z,m,_,l,o,g,i,n,_,a,c,c,t,y,p,e
_,z,m,_,c,m,s,_,g,u,i,d
w,U,L,r,M,v,6,t
_,z,m,_,c,d,n,_,b,l,o,c,k,e,d
c,d,n,_,d,e,t,e,c,t,_,r,e,s,u,l,t
_,z,m,_,l,a,n,g
_,z,m,_,c,u,r,r,e,n,c,y
_,z,m,_,f,i,n,g,e,r,p,r,i,n,t
O,p,t,a,n,o,n,A,l,e,r,t,B,o,x,C,l,o,s,e,d
O,p,t,a,n,o,n,C,o,n,s,e,n,t
O,n,e,t,r,u,s,t,A,c,t,i,v,e,G,r,o,u,p,s
V,I,S,I,T,O,R,_,I,N,F,O,1,_,L,I,V,E
V,I,S,I,T,O,R,_,P,R,I,V,A,C,Y,_,M,E,T,A,D,A,T,A
S,T,-,4,3,s,h,i,m
S,T,-,1,4,c,q,7,q,6
S,T,-,1,e,t,y,g,a,e
S,T,-,1,b
S,T,-,x,g,k,b,c,a
u,s,e,r,_,s,e,s,s,i,o,n
_,_,H,o,s,t,-,u,s,e,r,_,s,e,s,s,i,o,n,_,s,a,m,e,_,s,i,t,e
S,T,-,k,f,j,a,c,j
S,T,-,1,n,4,5,e,1,p
_,_,c,f,_,b,m
c,f,_,c,l,e,a,r,a,n,c,e
c,f,_,c,l,e,a,r,a,n,c,e
S,T,-,t,h,7,v,k,9
S,T,-,1,m,2,v,3,6,2
S,T,-,x,a,1,r,u,2
P,R,E,F
a,u,t,h,0
a,u,t,h,0,_,c,o,m,p,a,t
_,_,c,f,_,b,m
_,_,S,e,c,u,r,e,-,n,e,x,t,-,a,u,t,h,.,s,e,s,s,i,o,n,-,t,o,k,e,n
g,f,g,_,t,h,e,m,e
g,u,e,s,t
s,t,i,c,k,y
A,W,S,A,L,B,A,P,P,-,0
A,W,S,A,L,B,A,P,P,-,1
A,W,S,A,L,B,A,P,P,-,2
A,W,S,A,L,B,A,P,P,-,3
_,u,a,s,i,d
_,_,c,f,_,b,m
i,n,t,e,r,c,o,m,-,s,e,s,s,i,o,n,-,d,g,k,j,q,2,b,p
i,n,t,e,r,c,o,m,-,d,e,v,i,c,e,-,i,d,-,d,g,k,j,q,2,b,p
_,d,d,_,s
O,p,t,a,n,o,n,A,l,e,r,t,B,o,x,C,l,o,s,e,d
O,p,t,a,n,o,n,C,o,n,s,e,n,t
A,K,A,_,A,2
h,a,s,_,r,e,c,e,n,t,_,a,c,t,i,v,i,t,y
_,_,S,e,c,u,r,e,-,1,P,S,I,D,T,S
_,_,S,e,c,u,r,e,-,3,P,S,I,D,T,S
S,I,D,C,C
_,_,S,e,c,u,r,e,-,1,P,S,I,D,C,C
_,_,S,e,c,u,r,e,-,3,P,S,I,D,C,C
_,_,c,f,_,b,m
p,r,o,v
e,z,o,a,d,g,i,d,_,9,6,2,8,2
e,z,o,r,e,f,_,9,6,2,8,2
e,z,o,s,u,i,b,a,s,g,e,n,e,r,i,s,-,1
e,z,o,a,b,_,9,6,2,8,2
a,c,t,i,v,e,_,t,e,m,p,l,a,t,e,:,:,9,6,2,8,2
e,z,o,p,v,c,_,9,6,2,8,2
e,z,e,p,v,v
l,p,_,9,6,2,8,2
e,z,o,v,u,u,i,d,t,i,m,e,_,9,6,2,8,2
e,z,o,v,u,u,i,d,_,9,6,2,8,2
e,z,d,s
e,z,o,h,w
a,y
5
g
a,t
